"","In","Out","Denoised FW","Denoised RE","Merged","Sizeout","Chimera Filtered","Final_Clean_Of_Rare_Seq_and_Plastids","Archea_out"
"FS.CT.Ext.C1.2020.trimmed_cutadapt_1.fq",116003,116003,108848,108021,87234,87220,81461,63510,62259
"FS.CT.Ext.C2.2020.trimmed_cutadapt_1.fq",140876,111386,103319,103256,84606,84513,79621,63001,60223
"FS.CT.Ext.C3.2020.trimmed_cutadapt_1.fq",141992,114077,107755,107556,90896,90857,85280,64509,58860
"FS.CT.Ext.C4.2020.trimmed_cutadapt_1.fq",103736,103736,92704,92903,62857,62832,40107,31856,19443
"FS.CT.Ext.I1.2020.trimmed_cutadapt_1.fq",104907,104907,99075,98891,83554,83543,79124,61175,58167
"FS.CT.Ext.I2.2020.trimmed_cutadapt_1.fq",138746,103086,95638,94989,77033,76941,72622,54919,54345
"FS.CT.Ext.I3.2020.trimmed_cutadapt_1.fq",133446,111837,104846,103897,84754,84719,79668,61549,59303
"FS.CT.Ext.I4.2020.trimmed_cutadapt_1.fq",130887,97579,89491,88574,67103,67093,62324,46625,46257
"FSCTExt.T0.1.2020.trimmed_cutadapt_1.fq",110093,110093,102119,101304,79674,79649,74181,57944,56028
"FSCTExt.T0.2.2020.trimmed_cutadapt_1.fq",107008,107008,99085,97818,75978,75963,70539,54315,52058
"FSCTExt.T0.3.2020.trimmed_cutadapt_1.fq",129552,100304,92331,91002,68674,68660,63049,45672,42970
"FSCTExt.T0.4.2020.trimmed_cutadapt_1.fq",104338,104338,97041,96513,77261,77234,71936,52253,47454
"RH.CT.Ext.C1.2020.trimmed_cutadapt_1.fq",142528,105851,98299,97770,78330,78247,72495,56483,53755
"RH.CT.Ext.C2.2020.trimmed_cutadapt_1.fq",100629,100629,93593,92712,74796,74720,69206,56738,52577
"RH.CT.Ext.C3.2020.trimmed_cutadapt_1.fq",116686,86322,81304,80849,67314,67294,63190,51357,48819
"RH.CT.Ext.C4.2020.trimmed_cutadapt_1.fq",139110,103368,96706,96255,81218,81156,76947,57165,55769
"RH.CT.Ext.I1.2020.trimmed_cutadapt_1.fq",140011,100394,93528,92440,73210,73194,68047,55086,54610
"RH.CT.Ext.I2.2020.trimmed_cutadapt_1.fq",133900,99784,93227,92493,74511,74476,69578,57637,55220
"RH.CT.Ext.I3.2020.trimmed_cutadapt_1.fq",98204,98204,92244,91249,73989,73979,69484,55608,54883
"RH.CT.Ext.I4.2020.trimmed_cutadapt_1.fq",141270,105404,98121,97331,78082,78013,72835,58491,57456
"CT.Ext.T0.1.2021.trimmed_cutadapt_1.fq",104331,90071,84407,84249,70745,70728,66201,43250,37423
"CT.Ext.T0.2.2021.trimmed_cutadapt_1.fq",108476,93047,85925,85023,67479,67449,62635,44769,42801
"CT.Ext.T0.3.2021.trimmed_cutadapt_1.fq",101554,88476,81106,81008,63347,63321,58493,42805,41168
"CT.Ext.T0.4.2021.trimmed_cutadapt_1.fq",113849,97838,90346,89646,70997,70984,64736,50981,45324
"FS.CT.Ext.C1.2021.trimmed_cutadapt_1.fq",116003,116003,108699,108014,87269,87255,81549,63566,62315
"FS.CT.Ext.C2.2021.trimmed_cutadapt_1.fq",140876,111386,103246,103257,84698,84604,79769,63103,60326
"FS.CT.Ext.C3.2021.trimmed_cutadapt_1.fq",141992,114077,107654,107471,91076,91039,85458,64659,59048
"FS.CT.Ext.C4.2021.trimmed_cutadapt_1.fq",103736,103736,92428,92610,62902,62877,40051,31805,19436
"FS.CT.Ext.I1.2021.trimmed_cutadapt_1.fq",104907,104907,98923,98772,83647,83636,79381,61321,58316
"FS.CT.Ext.I2.2021.trimmed_cutadapt_1.fq",138746,103086,95486,94813,77117,77024,72640,54986,54419
"FS.CT.Ext.I3.2021.trimmed_cutadapt_1.fq",133446,111837,104472,103793,84757,84722,79640,61537,59294
"FS.CT.Ext.I4.2021.trimmed_cutadapt_1.fq",130887,97579,89217,88371,66994,66984,62311,46538,46149
"RHCTExtC1.2021.trimmed_cutadapt_1.fq",116464,104203,97287,97034,79176,79149,73103,58988,57899
"RHCTExtC2.2021.trimmed_cutadapt_1.fq",101826,101826,95681,94716,78042,78007,72494,59190,56978
"RHCTExtC3.2021.trimmed_cutadapt_1.fq",100381,89707,83212,82638,65166,65141,59705,48638,47723
"RHCTExtC4.2021.trimmed_cutadapt_1.fq",111808,96926,90115,89363,70948,70927,65209,53272,52978
"RHCTExtI1.2021.trimmed_cutadapt_1.fq",94569,94569,88211,87478,69525,69494,63870,51943,50476
"RHCTExtI2.2021.trimmed_cutadapt_1.fq",116446,102713,96535,95688,78483,78461,72563,60671,60090
"RHCTExtI3.2021.trimmed_cutadapt_1.fq",114363,101558,95281,94409,77370,77349,71760,59919,59375
"RHCTExtI4.2021.trimmed_cutadapt_1.fq",102746,90977,85531,84569,70066,70043,65304,53696,53156
"DNAextContrlAp13rdphase.2022.trimmed_cutadapt_1.fq",46081,42201,41422,41516,40587,40578,40442,40285,40285
"FSCTExtC1FS1.2022.trimmed_cutadapt_1.fq",132594,121820,115699,115581,101046,101039,95824,76030,75336
"FSCTExtC2FS2.2022.trimmed_cutadapt_1.fq",135383,135383,129463,128956,114083,114074,108166,85598,82646
"FSCTExtC3FS3.2022.trimmed_cutadapt_1.fq",149274,137935,132204,132206,117765,117763,112472,91144,89889
"FSCTExtC4FS4.2022.trimmed_cutadapt_1.fq",134866,124428,118684,118406,104102,104100,98771,80705,80098
"FSCTExtI1FS1.2022.trimmed_cutadapt_1.fq",134025,123595,117679,117664,102599,102592,97011,77243,74258
"FSCTExtI2FS2.2022.trimmed_cutadapt_1.fq",132590,122176,116213,116003,101682,101680,96348,78522,76347
"FSCTExtI3FS3.2022.trimmed_cutadapt_1.fq",132315,121784,115981,115532,101731,101726,96588,81995,81577
"FSCTExtI4FS4.2022.trimmed_cutadapt_1.fq",124803,124803,118842,118377,103770,103759,98208,79444,77639
"lypthconDNAextContrlAp13rdphase.2022.trimmed_cutadapt_1.fq",2,2,2,2,0,0,0,0,0
"RHCTExtC1RH1.2022.trimmed_cutadapt_1.fq",132856,124315,118261,118379,103989,103967,99089,84238,80266
"RHCTExtC2RH2.2022.trimmed_cutadapt_1.fq",121987,121987,115252,115843,99763,99748,94858,83020,81676
"RHCTExtC3RH3.2022.trimmed_cutadapt_1.fq",136365,127894,121949,121353,106842,106832,101977,85873,84271
"RHCTExtC4RH4.2022.trimmed_cutadapt_1.fq",132160,124293,118715,118633,105523,105516,100761,88380,85453
"RHCTExtI1RH1.2022.trimmed_cutadapt_1.fq",130455,121774,115590,115938,100873,100856,96203,81632,79567
"RHCTExtI2RH2.2022.trimmed_cutadapt_1.fq",144142,135489,130979,131187,120336,120323,115730,95247,89261
"RHCTExtI3RH3.2022.trimmed_cutadapt_1.fq",132634,132634,127273,126604,113814,113787,108089,90594,86690
"RHCTExtI4RH4.2022.trimmed_cutadapt_1.fq",139818,139818,133038,133435,117988,117984,112557,93910,91616
"T0CTExt1FS1.2022.trimmed_cutadapt_1.fq",135023,126606,121856,122249,110997,110987,106291,82134,72416
"T0CTExt2FS2.2022.trimmed_cutadapt_1.fq",138615,129792,123240,123520,108329,108324,103192,84970,82212
"T0CTExt3FS3.2022.trimmed_cutadapt_1.fq",136284,127351,121605,121088,107000,106992,102197,85503,83658
"T0CTExt4FS4.2022.trimmed_cutadapt_1.fq",133084,124599,118830,118621,105085,105076,100446,81777,79662
