"KO","baseMean","log2FoldChange","lfcSE","stat","pvalue","padj","reference","tax","description"
"ko:K01142",1721.84817257736,0.811740948511668,0.097896924668626,8.29179211971522,1.11554770078128e-16,2.91046395133836e-13,"k87_108631_1","COG0708@1|root,COG0708@2|Bacteria,1MVMC@1224|Proteobacteria,2TRWQ@28211|Alphaproteobacteria","Exodeoxyribonuclease III"
"ko:K01142",1721.84817257736,0.811740948511668,0.097896924668626,8.29179211971522,1.11554770078128e-16,2.91046395133836e-13,"k87_318832_1","COG0708@1|root,COG0708@2|Bacteria,1MVII@1224|Proteobacteria,1RN4H@1236|Gammaproteobacteria,1X3WA@135614|Xanthomonadales","exodeoxyribonuclease iii"
"ko:K01142",1721.84817257736,0.811740948511668,0.097896924668626,8.29179211971522,1.11554770078128e-16,2.91046395133836e-13,"k87_359056_1","COG0708@1|root,COG0708@2|Bacteria,1MVMC@1224|Proteobacteria,2TRWQ@28211|Alphaproteobacteria,43I5U@69277|Phyllobacteriaceae","exodeoxyribonuclease III"
"ko:K01142",1721.84817257736,0.811740948511668,0.097896924668626,8.29179211971522,1.11554770078128e-16,2.91046395133836e-13,"k87_416798_1","COG0708@1|root,COG0708@2|Bacteria,1MVII@1224|Proteobacteria,2TR5J@28211|Alphaproteobacteria,4BAHI@82115|Rhizobiaceae","exodeoxyribonuclease III"
"ko:K01142",1721.84817257736,0.811740948511668,0.097896924668626,8.29179211971522,1.11554770078128e-16,2.91046395133836e-13,"k87_480671_1","COG0708@1|root,COG0708@2|Bacteria,1MVII@1224|Proteobacteria,1RN4H@1236|Gammaproteobacteria,1X3WA@135614|Xanthomonadales","exodeoxyribonuclease iii"
"ko:K01142",1721.84817257736,0.811740948511668,0.097896924668626,8.29179211971522,1.11554770078128e-16,2.91046395133836e-13,"k87_520077_6","COG0708@1|root,COG0708@2|Bacteria,1MVII@1224|Proteobacteria,2TR5J@28211|Alphaproteobacteria,4B98S@82115|Rhizobiaceae","exodeoxyribonuclease III"
"ko:K01142",1721.84817257736,0.811740948511668,0.097896924668626,8.29179211971522,1.11554770078128e-16,2.91046395133836e-13,"k87_639827_2","COG0708@1|root,COG0708@2|Bacteria,1MVII@1224|Proteobacteria,2TR5J@28211|Alphaproteobacteria,43H73@69277|Phyllobacteriaceae","exodeoxyribonuclease III"
"ko:K01142",1721.84817257736,0.811740948511668,0.097896924668626,8.29179211971522,1.11554770078128e-16,2.91046395133836e-13,"k87_678767_1","COG0708@1|root,COG0708@2|Bacteria,1MVII@1224|Proteobacteria,2TR5J@28211|Alphaproteobacteria,3JRXJ@41294|Bradyrhizobiaceae","exodeoxyribonuclease III"
"ko:K01142",1721.84817257736,0.811740948511668,0.097896924668626,8.29179211971522,1.11554770078128e-16,2.91046395133836e-13,"k87_945478_2","COG0708@1|root,COG0708@2|Bacteria,4NH0B@976|Bacteroidetes,1IRGZ@117747|Sphingobacteriia","PFAM Endonuclease Exonuclease phosphatase"
"ko:K01142",1721.84817257736,0.811740948511668,0.097896924668626,8.29179211971522,1.11554770078128e-16,2.91046395133836e-13,"k87_971996_1","COG0708@1|root,COG0708@2|Bacteria,2GKEW@201174|Actinobacteria","exodeoxyribonuclease iii"
"ko:K01142",1721.84817257736,0.811740948511668,0.097896924668626,8.29179211971522,1.11554770078128e-16,2.91046395133836e-13,"k87_1048449_1","COG0708@1|root,COG0708@2|Bacteria,2GKEW@201174|Actinobacteria,4DQ0S@85009|Propionibacteriales","exodeoxyribonuclease III"
"ko:K01142",1721.84817257736,0.811740948511668,0.097896924668626,8.29179211971522,1.11554770078128e-16,2.91046395133836e-13,"k87_1056907_1","COG0708@1|root,COG0708@2|Bacteria,2GKIS@201174|Actinobacteria","exodeoxyribonuclease III"
"ko:K01142",1721.84817257736,0.811740948511668,0.097896924668626,8.29179211971522,1.11554770078128e-16,2.91046395133836e-13,"k87_1133183_2","COG0708@1|root,COG0708@2|Bacteria,2GKEW@201174|Actinobacteria,4DY2W@85010|Pseudonocardiales","Exodeoxyribonuclease III xth"
"ko:K01142",1721.84817257736,0.811740948511668,0.097896924668626,8.29179211971522,1.11554770078128e-16,2.91046395133836e-13,"k87_1253257_2","COG0708@1|root,COG0708@2|Bacteria,2GKEW@201174|Actinobacteria,1W7TS@1268|Micrococcaceae","exodeoxyribonuclease III"
"ko:K01142",1721.84817257736,0.811740948511668,0.097896924668626,8.29179211971522,1.11554770078128e-16,2.91046395133836e-13,"k87_1254532_2","COG0708@1|root,COG0708@2|Bacteria,1MVII@1224|Proteobacteria,2VH7N@28216|Betaproteobacteria,1KJRR@119065|unclassified Burkholderiales","exodeoxyribonuclease III"
"ko:K01142",1721.84817257736,0.811740948511668,0.097896924668626,8.29179211971522,1.11554770078128e-16,2.91046395133836e-13,"k87_1267237_2","COG0708@1|root,COG0708@2|Bacteria,2GKIS@201174|Actinobacteria,4FM4A@85023|Microbacteriaceae","Endonuclease/Exonuclease/phosphatase family"
"ko:K01142",1721.84817257736,0.811740948511668,0.097896924668626,8.29179211971522,1.11554770078128e-16,2.91046395133836e-13,"k87_1334908_1","COG0708@1|root,COG0708@2|Bacteria,1MVMC@1224|Proteobacteria,2TRWQ@28211|Alphaproteobacteria,1JRJN@119045|Methylobacteriaceae","PFAM Endonuclease Exonuclease phosphatase"
"ko:K01142",1721.84817257736,0.811740948511668,0.097896924668626,8.29179211971522,1.11554770078128e-16,2.91046395133836e-13,"k87_1384828_2","COG0708@1|root,COG0708@2|Bacteria,2GKEW@201174|Actinobacteria,4DQ0S@85009|Propionibacteriales","exodeoxyribonuclease III"
"ko:K01142",1721.84817257736,0.811740948511668,0.097896924668626,8.29179211971522,1.11554770078128e-16,2.91046395133836e-13,"k87_1505692_1","COG0708@1|root,COG0708@2|Bacteria,2GKEW@201174|Actinobacteria,4DQ0S@85009|Propionibacteriales","exodeoxyribonuclease III"
"ko:K01142",1721.84817257736,0.811740948511668,0.097896924668626,8.29179211971522,1.11554770078128e-16,2.91046395133836e-13,"k87_1560618_1","COG0708@1|root,COG0708@2|Bacteria,1MVMC@1224|Proteobacteria,2TRWQ@28211|Alphaproteobacteria,4B8M8@82115|Rhizobiaceae","exodeoxyribonuclease III"
"ko:K01142",1721.84817257736,0.811740948511668,0.097896924668626,8.29179211971522,1.11554770078128e-16,2.91046395133836e-13,"k87_1560810_3","COG0708@1|root,COG0708@2|Bacteria,1MVII@1224|Proteobacteria,2TR5J@28211|Alphaproteobacteria,1JSI2@119045|Methylobacteriaceae","PFAM Endonuclease Exonuclease phosphatase"
"ko:K01142",1721.84817257736,0.811740948511668,0.097896924668626,8.29179211971522,1.11554770078128e-16,2.91046395133836e-13,"k87_1987397_2","COG0708@1|root,COG0708@2|Bacteria,1MVII@1224|Proteobacteria,2TR5J@28211|Alphaproteobacteria,43H73@69277|Phyllobacteriaceae","exodeoxyribonuclease III"
"ko:K01142",1721.84817257736,0.811740948511668,0.097896924668626,8.29179211971522,1.11554770078128e-16,2.91046395133836e-13,"k87_2072143_4","COG0708@1|root,COG0708@2|Bacteria,1MVII@1224|Proteobacteria,2TR5J@28211|Alphaproteobacteria,2K0HF@204457|Sphingomonadales","exodeoxyribonuclease III"
"ko:K01142",1721.84817257736,0.811740948511668,0.097896924668626,8.29179211971522,1.11554770078128e-16,2.91046395133836e-13,"k87_2352661_1","COG0708@1|root,COG0708@2|Bacteria,2GKEW@201174|Actinobacteria,4DY2W@85010|Pseudonocardiales","Exodeoxyribonuclease III xth"
"ko:K01142",1721.84817257736,0.811740948511668,0.097896924668626,8.29179211971522,1.11554770078128e-16,2.91046395133836e-13,"k87_2459555_1","COG0708@1|root,COG0708@2|Bacteria,1MVMC@1224|Proteobacteria,2TRWQ@28211|Alphaproteobacteria,2JQET@204441|Rhodospirillales","COG0708 Exonuclease III"
"ko:K01142",1721.84817257736,0.811740948511668,0.097896924668626,8.29179211971522,1.11554770078128e-16,2.91046395133836e-13,"k87_2515362_1","COG0708@1|root,COG0708@2|Bacteria,1MVMC@1224|Proteobacteria,2TRWQ@28211|Alphaproteobacteria,43I5U@69277|Phyllobacteriaceae","exodeoxyribonuclease III"
"ko:K01142",1721.84817257736,0.811740948511668,0.097896924668626,8.29179211971522,1.11554770078128e-16,2.91046395133836e-13,"k87_2580193_1","COG0708@1|root,COG0708@2|Bacteria,1MVII@1224|Proteobacteria,2TR5J@28211|Alphaproteobacteria,3JRXJ@41294|Bradyrhizobiaceae","exodeoxyribonuclease III"
"ko:K01142",1721.84817257736,0.811740948511668,0.097896924668626,8.29179211971522,1.11554770078128e-16,2.91046395133836e-13,"k87_3052886_1","COG0708@1|root,COG0708@2|Bacteria,2GKEW@201174|Actinobacteria,4DY2W@85010|Pseudonocardiales","Exodeoxyribonuclease III xth"
"ko:K01142",1721.84817257736,0.811740948511668,0.097896924668626,8.29179211971522,1.11554770078128e-16,2.91046395133836e-13,"k87_3398550_4","COG0708@1|root,COG0708@2|Bacteria,1MVII@1224|Proteobacteria,2TR5J@28211|Alphaproteobacteria,2JQTM@204441|Rhodospirillales","exodeoxyribonuclease III"
"ko:K01142",1721.84817257736,0.811740948511668,0.097896924668626,8.29179211971522,1.11554770078128e-16,2.91046395133836e-13,"k87_3474592_2","COG0708@1|root,COG0708@2|Bacteria,2GKEW@201174|Actinobacteria,4DQ0S@85009|Propionibacteriales","exodeoxyribonuclease III"
"ko:K01142",1721.84817257736,0.811740948511668,0.097896924668626,8.29179211971522,1.11554770078128e-16,2.91046395133836e-13,"k87_3597692_2","COG0708@1|root,COG0708@2|Bacteria,2GKEW@201174|Actinobacteria,4DQ0S@85009|Propionibacteriales","exodeoxyribonuclease III"
"ko:K01142",1721.84817257736,0.811740948511668,0.097896924668626,8.29179211971522,1.11554770078128e-16,2.91046395133836e-13,"k87_3638552_9","COG0708@1|root,COG0708@2|Bacteria,2GKEW@201174|Actinobacteria,234X4@1762|Mycobacteriaceae","exodeoxyribonuclease III"
"ko:K01142",1721.84817257736,0.811740948511668,0.097896924668626,8.29179211971522,1.11554770078128e-16,2.91046395133836e-13,"k87_3659421_1","COG0708@1|root,COG0708@2|Bacteria,1MVMC@1224|Proteobacteria,2TRWQ@28211|Alphaproteobacteria,43I5U@69277|Phyllobacteriaceae","exodeoxyribonuclease III"
"ko:K01142",1721.84817257736,0.811740948511668,0.097896924668626,8.29179211971522,1.11554770078128e-16,2.91046395133836e-13,"k87_3680169_1","COG0708@1|root,COG0708@2|Bacteria,1MVII@1224|Proteobacteria,2VI74@28216|Betaproteobacteria,3T375@506|Alcaligenaceae","Exodeoxyribonuclease III"
"ko:K01142",1721.84817257736,0.811740948511668,0.097896924668626,8.29179211971522,1.11554770078128e-16,2.91046395133836e-13,"k87_3700825_1","COG0708@1|root,COG0708@2|Bacteria","double-stranded DNA 3'-5' exodeoxyribonuclease activity"
"ko:K01142",1721.84817257736,0.811740948511668,0.097896924668626,8.29179211971522,1.11554770078128e-16,2.91046395133836e-13,"k87_3753253_1","COG0708@1|root,COG0708@2|Bacteria,2GKEW@201174|Actinobacteria,4FFA0@85021|Intrasporangiaceae","exodeoxyribonuclease III"
"ko:K01142",1721.84817257736,0.811740948511668,0.097896924668626,8.29179211971522,1.11554770078128e-16,2.91046395133836e-13,"k87_4322882_31","COG0708@1|root,COG0708@2|Bacteria,1MVII@1224|Proteobacteria,1RN4H@1236|Gammaproteobacteria,1X301@135614|Xanthomonadales","DNA-(Apurinic or apyrimidinic site) lyase"
"ko:K01142",1721.84817257736,0.811740948511668,0.097896924668626,8.29179211971522,1.11554770078128e-16,2.91046395133836e-13,"k87_4408850_1","COG0708@1|root,COG0708@2|Bacteria,1MVMC@1224|Proteobacteria,2TRWQ@28211|Alphaproteobacteria,2K09T@204457|Sphingomonadales","exodeoxyribonuclease III"
"ko:K01142",1721.84817257736,0.811740948511668,0.097896924668626,8.29179211971522,1.11554770078128e-16,2.91046395133836e-13,"k87_4591986_2","COG0708@1|root,COG0708@2|Bacteria,1MVMC@1224|Proteobacteria,2TRWQ@28211|Alphaproteobacteria,2K09T@204457|Sphingomonadales","exodeoxyribonuclease III"
"ko:K01142",1721.84817257736,0.811740948511668,0.097896924668626,8.29179211971522,1.11554770078128e-16,2.91046395133836e-13,"k87_4712072_3","COG0708@1|root,COG0708@2|Bacteria,2GKEW@201174|Actinobacteria,4DY2W@85010|Pseudonocardiales","Exodeoxyribonuclease III xth"
"ko:K01142",1721.84817257736,0.811740948511668,0.097896924668626,8.29179211971522,1.11554770078128e-16,2.91046395133836e-13,"k87_5125133_1","COG0708@1|root,COG0708@2|Bacteria,1MVMC@1224|Proteobacteria,2TRWQ@28211|Alphaproteobacteria,3JQMZ@41294|Bradyrhizobiaceae","exodeoxyribonuclease III"
"ko:K01142",1721.84817257736,0.811740948511668,0.097896924668626,8.29179211971522,1.11554770078128e-16,2.91046395133836e-13,"k87_5357287_1","COG0708@1|root,COG0708@2|Bacteria,2GKIS@201174|Actinobacteria,4FYFN@85025|Nocardiaceae","exodeoxyribonuclease III"
"ko:K01142",1721.84817257736,0.811740948511668,0.097896924668626,8.29179211971522,1.11554770078128e-16,2.91046395133836e-13,"k87_5390455_1","COG0708@1|root,COG0708@2|Bacteria,1MVMC@1224|Proteobacteria,2TRWQ@28211|Alphaproteobacteria,1JRJN@119045|Methylobacteriaceae","PFAM Endonuclease Exonuclease phosphatase"
"ko:K01142",1721.84817257736,0.811740948511668,0.097896924668626,8.29179211971522,1.11554770078128e-16,2.91046395133836e-13,"k87_5580239_1","COG0708@1|root,COG0708@2|Bacteria,2GKIS@201174|Actinobacteria,4FM4A@85023|Microbacteriaceae","Endonuclease/Exonuclease/phosphatase family"
"ko:K01142",1721.84817257736,0.811740948511668,0.097896924668626,8.29179211971522,1.11554770078128e-16,2.91046395133836e-13,"k87_5626140_12","COG0708@1|root,COG0708@2|Bacteria,1MVII@1224|Proteobacteria,1RN4H@1236|Gammaproteobacteria,1X303@135614|Xanthomonadales","exodeoxyribonuclease III"
"ko:K01142",1721.84817257736,0.811740948511668,0.097896924668626,8.29179211971522,1.11554770078128e-16,2.91046395133836e-13,"k87_5937890_2","COG0708@1|root,COG0708@2|Bacteria,2GKEW@201174|Actinobacteria,4DQ0S@85009|Propionibacteriales","exodeoxyribonuclease III"
"ko:K01142",1721.84817257736,0.811740948511668,0.097896924668626,8.29179211971522,1.11554770078128e-16,2.91046395133836e-13,"k87_6087385_1","COG0708@1|root,COG0708@2|Bacteria,1MVII@1224|Proteobacteria,1RN4H@1236|Gammaproteobacteria,1X303@135614|Xanthomonadales","exodeoxyribonuclease III"
"ko:K01142",1721.84817257736,0.811740948511668,0.097896924668626,8.29179211971522,1.11554770078128e-16,2.91046395133836e-13,"k87_6303532_2","COG0708@1|root,COG0708@2|Bacteria,4NH0B@976|Bacteroidetes,47KKN@768503|Cytophagia","Endonuclease/Exonuclease/phosphatase family"
"ko:K01142",1721.84817257736,0.811740948511668,0.097896924668626,8.29179211971522,1.11554770078128e-16,2.91046395133836e-13,"k87_6425158_2","COG0708@1|root,COG0708@2|Bacteria,2GKEW@201174|Actinobacteria,4GC2H@85026|Gordoniaceae","Endonuclease/Exonuclease/phosphatase family"
"ko:K01142",1721.84817257736,0.811740948511668,0.097896924668626,8.29179211971522,1.11554770078128e-16,2.91046395133836e-13,"k87_6593227_2","COG0708@1|root,COG0708@2|Bacteria,1MVII@1224|Proteobacteria,1RN4H@1236|Gammaproteobacteria","Exodeoxyribonuclease III"
"ko:K01142",1721.84817257736,0.811740948511668,0.097896924668626,8.29179211971522,1.11554770078128e-16,2.91046395133836e-13,"k87_6662268_2","COG0708@1|root,COG0708@2|Bacteria,1MVII@1224|Proteobacteria,2VH7N@28216|Betaproteobacteria,4AA5T@80864|Comamonadaceae","Exodeoxyribonuclease III xth"
"ko:K01142",1721.84817257736,0.811740948511668,0.097896924668626,8.29179211971522,1.11554770078128e-16,2.91046395133836e-13,"k87_6958928_1","COG0708@1|root,COG0708@2|Bacteria,2GKEW@201174|Actinobacteria,4FKCK@85023|Microbacteriaceae","Endonuclease/Exonuclease/phosphatase family"
"ko:K01641,ko:K15311",4.07642046151735,-5.49918873211022,1.21721424119035,-4.51784784142225,6.247134911496e-06,0.00651950999363722,"k87_2220663_1","COG3425@1|root,COG3425@2|Bacteria,1TR4K@1239|Firmicutes,4HA67@91061|Bacilli,1ZE86@1386|Bacillus","synthase"
"ko:K01682",422.48239226865,0.3143012647095,0.0803562824025093,3.91134650972461,9.17829786622038e-05,0.0399102985549483,"k87_763756_1","COG1049@1|root,COG1049@2|Bacteria,1MVCR@1224|Proteobacteria,2VHT2@28216|Betaproteobacteria,4A9NW@80864|Comamonadaceae","Belongs to the aconitase IPM isomerase family"
"ko:K01682",422.48239226865,0.3143012647095,0.0803562824025093,3.91134650972461,9.17829786622038e-05,0.0399102985549483,"k87_1744946_8","COG1049@1|root,COG1049@2|Bacteria,1MVCR@1224|Proteobacteria,1RNMC@1236|Gammaproteobacteria,1X3YB@135614|Xanthomonadales","Belongs to the aconitase IPM isomerase family"
"ko:K01682",422.48239226865,0.3143012647095,0.0803562824025093,3.91134650972461,9.17829786622038e-05,0.0399102985549483,"k87_2628260_1","COG1049@1|root,COG1049@2|Bacteria,1MVCR@1224|Proteobacteria,2VHT2@28216|Betaproteobacteria,4A9NW@80864|Comamonadaceae","Belongs to the aconitase IPM isomerase family"
"ko:K01682",422.48239226865,0.3143012647095,0.0803562824025093,3.91134650972461,9.17829786622038e-05,0.0399102985549483,"k87_3837563_1","COG1049@1|root,COG1049@2|Bacteria,1MVCR@1224|Proteobacteria,2VHT2@28216|Betaproteobacteria,4A9NW@80864|Comamonadaceae","Belongs to the aconitase IPM isomerase family"
"ko:K01682",422.48239226865,0.3143012647095,0.0803562824025093,3.91134650972461,9.17829786622038e-05,0.0399102985549483,"k87_5632083_1","COG1049@1|root,COG1049@2|Bacteria,1MVCR@1224|Proteobacteria,2VHT2@28216|Betaproteobacteria,4A9NW@80864|Comamonadaceae","Belongs to the aconitase IPM isomerase family"
"ko:K01961",1535.42761860411,0.173381511444525,0.03960165506765,4.37813801338211,1.19697546170885e-05,0.00892259708456681,"k87_78531_1","COG0439@1|root,COG0439@2|Bacteria,1MU4H@1224|Proteobacteria,2U25Z@28211|Alphaproteobacteria,1JRWT@119045|Methylobacteriaceae","TIGRFAM acetyl-CoA carboxylase, biotin carboxylase"
"ko:K01961",1535.42761860411,0.173381511444525,0.03960165506765,4.37813801338211,1.19697546170885e-05,0.00892259708456681,"k87_204156_2","COG0439@1|root,COG0439@2|Bacteria,2I2S0@201174|Actinobacteria,4CP7I@84995|Rubrobacteria","Carbamoyl-phosphate synthase L chain, ATP-binding Carbamoyl-phosphate synthetase large chain-like biotin carboxylase-like"
"ko:K01961",1535.42761860411,0.173381511444525,0.03960165506765,4.37813801338211,1.19697546170885e-05,0.00892259708456681,"k87_315180_2","COG0439@1|root,COG0439@2|Bacteria,1MU4H@1224|Proteobacteria,2VISB@28216|Betaproteobacteria,1KJKR@119065|unclassified Burkholderiales","Biotin carboxylase"
"ko:K01961",1535.42761860411,0.173381511444525,0.03960165506765,4.37813801338211,1.19697546170885e-05,0.00892259708456681,"k87_376122_3","COG0439@1|root,COG0439@2|Bacteria,1MU4H@1224|Proteobacteria,2U25Z@28211|Alphaproteobacteria,3JTBZ@41294|Bradyrhizobiaceae","Biotin carboxylase"
"ko:K01961",1535.42761860411,0.173381511444525,0.03960165506765,4.37813801338211,1.19697546170885e-05,0.00892259708456681,"k87_519601_1","COG0439@1|root,COG0439@2|Bacteria,1MU4H@1224|Proteobacteria,1RMNB@1236|Gammaproteobacteria,1X43Q@135614|Xanthomonadales","An AccC homodimer forms the biotin carboxylase subunit of the acetyl CoA carboxylase, an enzyme that catalyzes the formation of malonyl-CoA, which in turn controls the rate of fatty acid metabolism"
"ko:K01961",1535.42761860411,0.173381511444525,0.03960165506765,4.37813801338211,1.19697546170885e-05,0.00892259708456681,"k87_696347_1","COG0439@1|root,COG0439@2|Bacteria,1MU4H@1224|Proteobacteria,2U25Z@28211|Alphaproteobacteria,2K11Z@204457|Sphingomonadales","An AccC homodimer forms the biotin carboxylase subunit of the acetyl CoA carboxylase, an enzyme that catalyzes the formation of malonyl-CoA, which in turn controls the rate of fatty acid metabolism"
"ko:K01961",1535.42761860411,0.173381511444525,0.03960165506765,4.37813801338211,1.19697546170885e-05,0.00892259708456681,"k87_844704_4","COG0439@1|root,COG0439@2|Bacteria,2I2S0@201174|Actinobacteria,4CP7I@84995|Rubrobacteria","Carbamoyl-phosphate synthase L chain, ATP-binding Carbamoyl-phosphate synthetase large chain-like biotin carboxylase-like"
"ko:K01961",1535.42761860411,0.173381511444525,0.03960165506765,4.37813801338211,1.19697546170885e-05,0.00892259708456681,"k87_895924_2","COG0439@1|root,COG0439@2|Bacteria,1MU4H@1224|Proteobacteria,2U25Z@28211|Alphaproteobacteria,43IN9@69277|Phyllobacteriaceae","An AccC homodimer forms the biotin carboxylase subunit of the acetyl CoA carboxylase, an enzyme that catalyzes the formation of malonyl-CoA, which in turn controls the rate of fatty acid metabolism"
"ko:K01961",1535.42761860411,0.173381511444525,0.03960165506765,4.37813801338211,1.19697546170885e-05,0.00892259708456681,"k87_1023322_5","COG0439@1|root,COG0439@2|Bacteria,1TP16@1239|Firmicutes,4HARK@91061|Bacilli,277WZ@186823|Alicyclobacillaceae","An AccC homodimer forms the biotin carboxylase subunit of the acetyl CoA carboxylase, an enzyme that catalyzes the formation of malonyl-CoA, which in turn controls the rate of fatty acid metabolism"
"ko:K01961",1535.42761860411,0.173381511444525,0.03960165506765,4.37813801338211,1.19697546170885e-05,0.00892259708456681,"k87_1157951_1","COG0439@1|root,COG0439@2|Bacteria,1MU4H@1224|Proteobacteria,2U25Z@28211|Alphaproteobacteria,43IN9@69277|Phyllobacteriaceae","An AccC homodimer forms the biotin carboxylase subunit of the acetyl CoA carboxylase, an enzyme that catalyzes the formation of malonyl-CoA, which in turn controls the rate of fatty acid metabolism"
"ko:K01961",1535.42761860411,0.173381511444525,0.03960165506765,4.37813801338211,1.19697546170885e-05,0.00892259708456681,"k87_1192402_1","COG0439@1|root,COG0439@2|Bacteria,1MU4H@1224|Proteobacteria,2U25Z@28211|Alphaproteobacteria,3JTBZ@41294|Bradyrhizobiaceae","Biotin carboxylase"
"ko:K01961",1535.42761860411,0.173381511444525,0.03960165506765,4.37813801338211,1.19697546170885e-05,0.00892259708456681,"k87_1374518_3","COG0439@1|root,COG0439@2|Bacteria,3J0AJ@40117|Nitrospirae","Biotin carboxylase C-terminal domain"
"ko:K01961",1535.42761860411,0.173381511444525,0.03960165506765,4.37813801338211,1.19697546170885e-05,0.00892259708456681,"k87_1393878_2","COG0439@1|root,COG0439@2|Bacteria,2I2S0@201174|Actinobacteria,4CP7I@84995|Rubrobacteria","Carbamoyl-phosphate synthase L chain, ATP-binding Carbamoyl-phosphate synthetase large chain-like biotin carboxylase-like"
"ko:K01961",1535.42761860411,0.173381511444525,0.03960165506765,4.37813801338211,1.19697546170885e-05,0.00892259708456681,"k87_1414526_1","COG0439@1|root,COG0439@2|Bacteria,3J0AJ@40117|Nitrospirae","Biotin carboxylase C-terminal domain"
"ko:K01961",1535.42761860411,0.173381511444525,0.03960165506765,4.37813801338211,1.19697546170885e-05,0.00892259708456681,"k87_1580459_1","COG0439@1|root,COG0439@2|Bacteria,1MU4H@1224|Proteobacteria,2VISB@28216|Betaproteobacteria,4A9TS@80864|Comamonadaceae","TIGRFAM acetyl-CoA carboxylase, biotin carboxylase"
"ko:K01961",1535.42761860411,0.173381511444525,0.03960165506765,4.37813801338211,1.19697546170885e-05,0.00892259708456681,"k87_1589023_1","COG0439@1|root,COG0439@2|Bacteria,1MU4H@1224|Proteobacteria,2U25Z@28211|Alphaproteobacteria","An AccC homodimer forms the biotin carboxylase subunit of the acetyl CoA carboxylase, an enzyme that catalyzes the formation of malonyl-CoA, which in turn controls the rate of fatty acid metabolism"
"ko:K01961",1535.42761860411,0.173381511444525,0.03960165506765,4.37813801338211,1.19697546170885e-05,0.00892259708456681,"k87_1765948_4","COG0439@1|root,COG0439@2|Bacteria,3J0AJ@40117|Nitrospirae","Biotin carboxylase C-terminal domain"
"ko:K01961",1535.42761860411,0.173381511444525,0.03960165506765,4.37813801338211,1.19697546170885e-05,0.00892259708456681,"k87_1815121_4","COG0439@1|root,COG0439@2|Bacteria,1MU4H@1224|Proteobacteria,2U25Z@28211|Alphaproteobacteria,3NA4S@45404|Beijerinckiaceae","ATP-dependent carboxylate-amine ligase domain protein ATP-grasp"
"ko:K01961",1535.42761860411,0.173381511444525,0.03960165506765,4.37813801338211,1.19697546170885e-05,0.00892259708456681,"k87_1913956_3","COG0439@1|root,COG0439@2|Bacteria,1MU4H@1224|Proteobacteria,2U25Z@28211|Alphaproteobacteria,2JPBR@204441|Rhodospirillales","Biotin carboxylase"
"ko:K01961",1535.42761860411,0.173381511444525,0.03960165506765,4.37813801338211,1.19697546170885e-05,0.00892259708456681,"k87_1989351_2","COG0439@1|root,COG0439@2|Bacteria,2I2S0@201174|Actinobacteria,4CP7I@84995|Rubrobacteria","Carbamoyl-phosphate synthase L chain, ATP-binding Carbamoyl-phosphate synthetase large chain-like biotin carboxylase-like"
"ko:K01961",1535.42761860411,0.173381511444525,0.03960165506765,4.37813801338211,1.19697546170885e-05,0.00892259708456681,"k87_2033687_2","COG0439@1|root,COG0439@2|Bacteria,2I2S0@201174|Actinobacteria,4CP7I@84995|Rubrobacteria","Carbamoyl-phosphate synthase L chain, ATP-binding Carbamoyl-phosphate synthetase large chain-like biotin carboxylase-like"
"ko:K01961",1535.42761860411,0.173381511444525,0.03960165506765,4.37813801338211,1.19697546170885e-05,0.00892259708456681,"k87_2053038_1","COG0439@1|root,COG0439@2|Bacteria,1MU4H@1224|Proteobacteria,2U25Z@28211|Alphaproteobacteria,43IN9@69277|Phyllobacteriaceae","An AccC homodimer forms the biotin carboxylase subunit of the acetyl CoA carboxylase, an enzyme that catalyzes the formation of malonyl-CoA, which in turn controls the rate of fatty acid metabolism"
"ko:K01961",1535.42761860411,0.173381511444525,0.03960165506765,4.37813801338211,1.19697546170885e-05,0.00892259708456681,"k87_2075882_1","COG0439@1|root,COG0439@2|Bacteria,1MU4H@1224|Proteobacteria,2VISB@28216|Betaproteobacteria,1KJKR@119065|unclassified Burkholderiales","Biotin carboxylase"
"ko:K01961",1535.42761860411,0.173381511444525,0.03960165506765,4.37813801338211,1.19697546170885e-05,0.00892259708456681,"k87_2093717_1","COG0439@1|root,COG0439@2|Bacteria,2I2S0@201174|Actinobacteria,4CP7I@84995|Rubrobacteria","Carbamoyl-phosphate synthase L chain, ATP-binding Carbamoyl-phosphate synthetase large chain-like biotin carboxylase-like"
"ko:K01961",1535.42761860411,0.173381511444525,0.03960165506765,4.37813801338211,1.19697546170885e-05,0.00892259708456681,"k87_2118027_2","COG0439@1|root,COG0439@2|Bacteria,1MU4H@1224|Proteobacteria,2U25Z@28211|Alphaproteobacteria,43IN9@69277|Phyllobacteriaceae","An AccC homodimer forms the biotin carboxylase subunit of the acetyl CoA carboxylase, an enzyme that catalyzes the formation of malonyl-CoA, which in turn controls the rate of fatty acid metabolism"
"ko:K01961",1535.42761860411,0.173381511444525,0.03960165506765,4.37813801338211,1.19697546170885e-05,0.00892259708456681,"k87_2169816_1","COG0439@1|root,COG0439@2|Bacteria,1TP16@1239|Firmicutes,4HARK@91061|Bacilli,277WZ@186823|Alicyclobacillaceae","An AccC homodimer forms the biotin carboxylase subunit of the acetyl CoA carboxylase, an enzyme that catalyzes the formation of malonyl-CoA, which in turn controls the rate of fatty acid metabolism"
"ko:K01961",1535.42761860411,0.173381511444525,0.03960165506765,4.37813801338211,1.19697546170885e-05,0.00892259708456681,"k87_2302454_4","COG0439@1|root,COG0439@2|Bacteria,1MU4H@1224|Proteobacteria,2VISB@28216|Betaproteobacteria,4A9TS@80864|Comamonadaceae","TIGRFAM acetyl-CoA carboxylase, biotin carboxylase"
"ko:K01961",1535.42761860411,0.173381511444525,0.03960165506765,4.37813801338211,1.19697546170885e-05,0.00892259708456681,"k87_2304280_1","COG0439@1|root,COG0439@2|Bacteria,1MU4H@1224|Proteobacteria,2U25Z@28211|Alphaproteobacteria,3FCRI@34008|Rhodovulum","Biotin carboxylase C-terminal domain"
"ko:K01961",1535.42761860411,0.173381511444525,0.03960165506765,4.37813801338211,1.19697546170885e-05,0.00892259708456681,"k87_2599679_3","COG0439@1|root,COG0439@2|Bacteria,1MU4H@1224|Proteobacteria,2U25Z@28211|Alphaproteobacteria,3FCRI@34008|Rhodovulum","Biotin carboxylase C-terminal domain"
"ko:K01961",1535.42761860411,0.173381511444525,0.03960165506765,4.37813801338211,1.19697546170885e-05,0.00892259708456681,"k87_2634925_1","COG0439@1|root,COG0439@2|Bacteria,1MU4H@1224|Proteobacteria,2U25Z@28211|Alphaproteobacteria,47GT0@766|Rickettsiales","An AccC homodimer forms the biotin carboxylase subunit of the acetyl CoA carboxylase, an enzyme that catalyzes the formation of malonyl-CoA, which in turn controls the rate of fatty acid metabolism"
"ko:K01961",1535.42761860411,0.173381511444525,0.03960165506765,4.37813801338211,1.19697546170885e-05,0.00892259708456681,"k87_2927767_2","COG0439@1|root,COG0439@2|Bacteria,1MU4H@1224|Proteobacteria,2U25Z@28211|Alphaproteobacteria","An AccC homodimer forms the biotin carboxylase subunit of the acetyl CoA carboxylase, an enzyme that catalyzes the formation of malonyl-CoA, which in turn controls the rate of fatty acid metabolism"
"ko:K01961",1535.42761860411,0.173381511444525,0.03960165506765,4.37813801338211,1.19697546170885e-05,0.00892259708456681,"k87_3082142_3","COG0439@1|root,COG0439@2|Bacteria,1MU4H@1224|Proteobacteria,2U25Z@28211|Alphaproteobacteria,3JTBZ@41294|Bradyrhizobiaceae","Biotin carboxylase"
"ko:K01961",1535.42761860411,0.173381511444525,0.03960165506765,4.37813801338211,1.19697546170885e-05,0.00892259708456681,"k87_3084295_1","COG0439@1|root,COG0439@2|Bacteria,1MU4H@1224|Proteobacteria,2U25Z@28211|Alphaproteobacteria,4B9EC@82115|Rhizobiaceae","An AccC homodimer forms the biotin carboxylase subunit of the acetyl CoA carboxylase, an enzyme that catalyzes the formation of malonyl-CoA, which in turn controls the rate of fatty acid metabolism"
"ko:K01961",1535.42761860411,0.173381511444525,0.03960165506765,4.37813801338211,1.19697546170885e-05,0.00892259708456681,"k87_3145471_2","COG0439@1|root,COG0439@2|Bacteria,1MU4H@1224|Proteobacteria,2U25Z@28211|Alphaproteobacteria,43IN9@69277|Phyllobacteriaceae","An AccC homodimer forms the biotin carboxylase subunit of the acetyl CoA carboxylase, an enzyme that catalyzes the formation of malonyl-CoA, which in turn controls the rate of fatty acid metabolism"
"ko:K01961",1535.42761860411,0.173381511444525,0.03960165506765,4.37813801338211,1.19697546170885e-05,0.00892259708456681,"k87_3953591_1","COG0439@1|root,COG0439@2|Bacteria,46SIE@74201|Verrucomicrobia,3K78R@414999|Opitutae","acetyl-CoA carboxylase"
"ko:K01961",1535.42761860411,0.173381511444525,0.03960165506765,4.37813801338211,1.19697546170885e-05,0.00892259708456681,"k87_4049732_2","COG0439@1|root,COG0439@2|Bacteria,1MU4H@1224|Proteobacteria,2VISB@28216|Betaproteobacteria,472TI@75682|Oxalobacteraceae","PFAM Carbamoyl-phosphate synthase L chain, ATP binding domain, Biotin carboxylase C-terminal domain, Carbamoyl-phosphate synthase L chain, N-terminal domain"
"ko:K01961",1535.42761860411,0.173381511444525,0.03960165506765,4.37813801338211,1.19697546170885e-05,0.00892259708456681,"k87_4315282_3","COG0439@1|root,COG0439@2|Bacteria,1TP16@1239|Firmicutes,4HARK@91061|Bacilli,3F3PT@33958|Lactobacillaceae","Acetyl-CoA carboxylase biotin carboxylase subunit"
"ko:K01961",1535.42761860411,0.173381511444525,0.03960165506765,4.37813801338211,1.19697546170885e-05,0.00892259708456681,"k87_4523651_1","COG0439@1|root,COG0439@2|Bacteria,1MU4H@1224|Proteobacteria,2VISB@28216|Betaproteobacteria,472TI@75682|Oxalobacteraceae","PFAM Carbamoyl-phosphate synthase L chain, ATP binding domain, Biotin carboxylase C-terminal domain, Carbamoyl-phosphate synthase L chain, N-terminal domain"
"ko:K01961",1535.42761860411,0.173381511444525,0.03960165506765,4.37813801338211,1.19697546170885e-05,0.00892259708456681,"k87_4683209_4","COG0439@1|root,COG0439@2|Bacteria,1MU4H@1224|Proteobacteria,2VISB@28216|Betaproteobacteria,1K3KS@119060|Burkholderiaceae","Biotin carboxylase"
"ko:K01961",1535.42761860411,0.173381511444525,0.03960165506765,4.37813801338211,1.19697546170885e-05,0.00892259708456681,"k87_4720345_1","COG0439@1|root,COG0439@2|Bacteria,1MU4H@1224|Proteobacteria,2VISB@28216|Betaproteobacteria,1K3KS@119060|Burkholderiaceae","Biotin carboxylase"
"ko:K01961",1535.42761860411,0.173381511444525,0.03960165506765,4.37813801338211,1.19697546170885e-05,0.00892259708456681,"k87_4796536_1","COG0439@1|root,COG0439@2|Bacteria,1MU4H@1224|Proteobacteria,2VISB@28216|Betaproteobacteria,3T27R@506|Alcaligenaceae","An AccC homodimer forms the biotin carboxylase subunit of the acetyl CoA carboxylase, an enzyme that catalyzes the formation of malonyl-CoA, which in turn controls the rate of fatty acid metabolism"
"ko:K01961",1535.42761860411,0.173381511444525,0.03960165506765,4.37813801338211,1.19697546170885e-05,0.00892259708456681,"k87_4903050_1","COG0439@1|root,COG0439@2|Bacteria,1MU4H@1224|Proteobacteria,1RMNB@1236|Gammaproteobacteria,2QAWT@267890|Shewanellaceae","Carbamoyl-phosphate synthetase large chain domain protein"
"ko:K01961",1535.42761860411,0.173381511444525,0.03960165506765,4.37813801338211,1.19697546170885e-05,0.00892259708456681,"k87_5450785_1","COG0439@1|root,COG0439@2|Bacteria,1TP16@1239|Firmicutes,4HARK@91061|Bacilli,1ZC56@1386|Bacillus","An AccC homodimer forms the biotin carboxylase subunit of the acetyl CoA carboxylase, an enzyme that catalyzes the formation of malonyl-CoA, which in turn controls the rate of fatty acid metabolism"
"ko:K01961",1535.42761860411,0.173381511444525,0.03960165506765,4.37813801338211,1.19697546170885e-05,0.00892259708456681,"k87_5802917_2","COG0439@1|root,COG0439@2|Bacteria,1MU4H@1224|Proteobacteria,2VISB@28216|Betaproteobacteria,2KVNS@206389|Rhodocyclales","Biotin carboxylase"
"ko:K01961",1535.42761860411,0.173381511444525,0.03960165506765,4.37813801338211,1.19697546170885e-05,0.00892259708456681,"k87_5932947_1","COG0439@1|root,COG0439@2|Bacteria,1MU4H@1224|Proteobacteria,2U25Z@28211|Alphaproteobacteria,3JTBZ@41294|Bradyrhizobiaceae","Biotin carboxylase"
"ko:K01961",1535.42761860411,0.173381511444525,0.03960165506765,4.37813801338211,1.19697546170885e-05,0.00892259708456681,"k87_6794695_1","COG0439@1|root,COG0439@2|Bacteria,1MU4H@1224|Proteobacteria,1RMNB@1236|Gammaproteobacteria,1X43Q@135614|Xanthomonadales","An AccC homodimer forms the biotin carboxylase subunit of the acetyl CoA carboxylase, an enzyme that catalyzes the formation of malonyl-CoA, which in turn controls the rate of fatty acid metabolism"
"ko:K01961",1535.42761860411,0.173381511444525,0.03960165506765,4.37813801338211,1.19697546170885e-05,0.00892259708456681,"k87_6912137_3","COG0439@1|root,COG0439@2|Bacteria,1MU4H@1224|Proteobacteria,2U25Z@28211|Alphaproteobacteria,2K11Z@204457|Sphingomonadales","An AccC homodimer forms the biotin carboxylase subunit of the acetyl CoA carboxylase, an enzyme that catalyzes the formation of malonyl-CoA, which in turn controls the rate of fatty acid metabolism"
"ko:K02358",6494.82802210107,0.0832089986668187,0.0204967059217654,4.05962787310419,4.91509851455853e-05,0.0256469840489664,"k87_19429_4","COG0050@1|root,COG0050@2|Bacteria,2GK4T@201174|Actinobacteria,4D3CF@85005|Actinomycetales","This protein promotes the GTP-dependent binding of aminoacyl-tRNA to the A-site of ribosomes during protein biosynthesis"
"ko:K02358",6494.82802210107,0.0832089986668187,0.0204967059217654,4.05962787310419,4.91509851455853e-05,0.0256469840489664,"k87_205631_1","COG0050@1|root,COG0050@2|Bacteria,2GK4T@201174|Actinobacteria,4CPE9@84995|Rubrobacteria","This protein promotes the GTP-dependent binding of aminoacyl-tRNA to the A-site of ribosomes during protein biosynthesis"
"ko:K02358",6494.82802210107,0.0832089986668187,0.0204967059217654,4.05962787310419,4.91509851455853e-05,0.0256469840489664,"k87_265069_1","COG0050@1|root,COG0050@2|Bacteria,2GK4T@201174|Actinobacteria,4DZDG@85010|Pseudonocardiales","This protein promotes the GTP-dependent binding of aminoacyl-tRNA to the A-site of ribosomes during protein biosynthesis"
"ko:K02358",6494.82802210107,0.0832089986668187,0.0204967059217654,4.05962787310419,4.91509851455853e-05,0.0256469840489664,"k87_287584_7","COG0050@1|root,COG0050@2|Bacteria,46SFG@74201|Verrucomicrobia,3K7E9@414999|Opitutae","This protein promotes the GTP-dependent binding of aminoacyl-tRNA to the A-site of ribosomes during protein biosynthesis"
"ko:K02358",6494.82802210107,0.0832089986668187,0.0204967059217654,4.05962787310419,4.91509851455853e-05,0.0256469840489664,"k87_312194_1","COG0050@1|root,COG0050@2|Bacteria,2GK4T@201174|Actinobacteria","This protein promotes the GTP-dependent binding of aminoacyl-tRNA to the A-site of ribosomes during protein biosynthesis"
"ko:K02358",6494.82802210107,0.0832089986668187,0.0204967059217654,4.05962787310419,4.91509851455853e-05,0.0256469840489664,"k87_403122_2","COG0050@1|root,COG0050@2|Bacteria,1MVC0@1224|Proteobacteria,42MWZ@68525|delta/epsilon subdivisions,2WJ2B@28221|Deltaproteobacteria,2MQ8F@213462|Syntrophobacterales","This protein promotes the GTP-dependent binding of aminoacyl-tRNA to the A-site of ribosomes during protein biosynthesis"
"ko:K02358",6494.82802210107,0.0832089986668187,0.0204967059217654,4.05962787310419,4.91509851455853e-05,0.0256469840489664,"k87_525687_1","COG0050@1|root,COG0050@2|Bacteria,1MVC0@1224|Proteobacteria,2TQP8@28211|Alphaproteobacteria,3JRYZ@41294|Bradyrhizobiaceae","This protein promotes the GTP-dependent binding of aminoacyl-tRNA to the A-site of ribosomes during protein biosynthesis"
"ko:K02358",6494.82802210107,0.0832089986668187,0.0204967059217654,4.05962787310419,4.91509851455853e-05,0.0256469840489664,"k87_667527_1","COG0050@1|root,COG0050@2|Bacteria,1MVC0@1224|Proteobacteria,2TQP8@28211|Alphaproteobacteria,2K177@204457|Sphingomonadales","This protein promotes the GTP-dependent binding of aminoacyl-tRNA to the A-site of ribosomes during protein biosynthesis"
"ko:K02358",6494.82802210107,0.0832089986668187,0.0204967059217654,4.05962787310419,4.91509851455853e-05,0.0256469840489664,"k87_726960_2","COG0050@1|root,COG0050@2|Bacteria,1MVC0@1224|Proteobacteria,2TQP8@28211|Alphaproteobacteria,1JQRM@119045|Methylobacteriaceae","GTP-dependent binding of aminoacyl-tRNA to the A-site of ribosomes during protein biosynthesis"
"ko:K02358",6494.82802210107,0.0832089986668187,0.0204967059217654,4.05962787310419,4.91509851455853e-05,0.0256469840489664,"k87_726960_3","COG0050@1|root,COG0050@2|Bacteria,1MVC0@1224|Proteobacteria,42MWZ@68525|delta/epsilon subdivisions,2WJ2B@28221|Deltaproteobacteria,43U3Z@69541|Desulfuromonadales","This protein promotes the GTP-dependent binding of aminoacyl-tRNA to the A-site of ribosomes during protein biosynthesis"
"ko:K02358",6494.82802210107,0.0832089986668187,0.0204967059217654,4.05962787310419,4.91509851455853e-05,0.0256469840489664,"k87_744361_1","COG0050@1|root,COG0050@2|Bacteria,2GK4T@201174|Actinobacteria","This protein promotes the GTP-dependent binding of aminoacyl-tRNA to the A-site of ribosomes during protein biosynthesis"
"ko:K02358",6494.82802210107,0.0832089986668187,0.0204967059217654,4.05962787310419,4.91509851455853e-05,0.0256469840489664,"k87_882758_2","COG0050@1|root,COG0050@2|Bacteria,2GK4T@201174|Actinobacteria,4CMSE@84992|Acidimicrobiia","This protein promotes the GTP-dependent binding of aminoacyl-tRNA to the A-site of ribosomes during protein biosynthesis"
"ko:K02358",6494.82802210107,0.0832089986668187,0.0204967059217654,4.05962787310419,4.91509851455853e-05,0.0256469840489664,"k87_977919_2","COG0050@1|root,COG0050@2|Bacteria,1MVC0@1224|Proteobacteria,2VH5D@28216|Betaproteobacteria,3T1VV@506|Alcaligenaceae","This protein promotes the GTP-dependent binding of aminoacyl-tRNA to the A-site of ribosomes during protein biosynthesis"
"ko:K02358",6494.82802210107,0.0832089986668187,0.0204967059217654,4.05962787310419,4.91509851455853e-05,0.0256469840489664,"k87_1033885_1","COG0050@1|root,COG0050@2|Bacteria,1MVC0@1224|Proteobacteria,2TQP8@28211|Alphaproteobacteria,47EUU@766|Rickettsiales","This protein promotes the GTP-dependent binding of aminoacyl-tRNA to the A-site of ribosomes during protein biosynthesis"
"ko:K02358",6494.82802210107,0.0832089986668187,0.0204967059217654,4.05962787310419,4.91509851455853e-05,0.0256469840489664,"k87_1121094_4","COG0050@1|root,COG0050@2|Bacteria,1TPKC@1239|Firmicutes,4HAEH@91061|Bacilli,26UPG@186822|Paenibacillaceae","This protein promotes the GTP-dependent binding of aminoacyl-tRNA to the A-site of ribosomes during protein biosynthesis"
"ko:K02358",6494.82802210107,0.0832089986668187,0.0204967059217654,4.05962787310419,4.91509851455853e-05,0.0256469840489664,"k87_1162281_1","COG0050@1|root,COG0050@2|Bacteria,2GK4T@201174|Actinobacteria,4CPE9@84995|Rubrobacteria","This protein promotes the GTP-dependent binding of aminoacyl-tRNA to the A-site of ribosomes during protein biosynthesis"
"ko:K02358",6494.82802210107,0.0832089986668187,0.0204967059217654,4.05962787310419,4.91509851455853e-05,0.0256469840489664,"k87_1273903_1","COG0050@1|root,COG0050@2|Bacteria","translation elongation factor activity"
"ko:K02358",6494.82802210107,0.0832089986668187,0.0204967059217654,4.05962787310419,4.91509851455853e-05,0.0256469840489664,"k87_1399848_1","COG0050@1|root,COG0050@2|Bacteria,1MVC0@1224|Proteobacteria,1RMYX@1236|Gammaproteobacteria,1X48A@135614|Xanthomonadales","GTP-dependent binding of aminoacyl-tRNA to the A-site of ribosomes during protein biosynthesis"
"ko:K02358",6494.82802210107,0.0832089986668187,0.0204967059217654,4.05962787310419,4.91509851455853e-05,0.0256469840489664,"k87_1413388_2","COG0050@1|root,COG0050@2|Bacteria,1MVC0@1224|Proteobacteria,2VH5D@28216|Betaproteobacteria,372HU@32003|Nitrosomonadales","This protein promotes the GTP-dependent binding of aminoacyl-tRNA to the A-site of ribosomes during protein biosynthesis"
"ko:K02358",6494.82802210107,0.0832089986668187,0.0204967059217654,4.05962787310419,4.91509851455853e-05,0.0256469840489664,"k87_1415164_4","COG0050@1|root,COG0050@2|Bacteria,2GK4T@201174|Actinobacteria,4CUFV@84998|Coriobacteriia","This protein promotes the GTP-dependent binding of aminoacyl-tRNA to the A-site of ribosomes during protein biosynthesis"
"ko:K02358",6494.82802210107,0.0832089986668187,0.0204967059217654,4.05962787310419,4.91509851455853e-05,0.0256469840489664,"k87_1441364_4","COG0050@1|root,COG0050@2|Bacteria,1TPKC@1239|Firmicutes,2485I@186801|Clostridia,36E5N@31979|Clostridiaceae","This protein promotes the GTP-dependent binding of aminoacyl-tRNA to the A-site of ribosomes during protein biosynthesis"
"ko:K02358",6494.82802210107,0.0832089986668187,0.0204967059217654,4.05962787310419,4.91509851455853e-05,0.0256469840489664,"k87_1452992_4","COG0050@1|root,COG0050@2|Bacteria,1TPKC@1239|Firmicutes,4H22P@909932|Negativicutes","This protein promotes the GTP-dependent binding of aminoacyl-tRNA to the A-site of ribosomes during protein biosynthesis"
"ko:K02358",6494.82802210107,0.0832089986668187,0.0204967059217654,4.05962787310419,4.91509851455853e-05,0.0256469840489664,"k87_1481038_1","COG0050@1|root,COG0050@2|Bacteria,2GK4T@201174|Actinobacteria,2M1V2@2063|Kitasatospora","This protein promotes the GTP-dependent binding of aminoacyl-tRNA to the A-site of ribosomes during protein biosynthesis"
"ko:K02358",6494.82802210107,0.0832089986668187,0.0204967059217654,4.05962787310419,4.91509851455853e-05,0.0256469840489664,"k87_1527197_2","COG0050@1|root,COG0050@2|Bacteria,4NEWS@976|Bacteroidetes,2FKZA@200643|Bacteroidia,4AKAJ@815|Bacteroidaceae","This protein promotes the GTP-dependent binding of aminoacyl-tRNA to the A-site of ribosomes during protein biosynthesis"
"ko:K02358",6494.82802210107,0.0832089986668187,0.0204967059217654,4.05962787310419,4.91509851455853e-05,0.0256469840489664,"k87_1537055_2","COG0050@1|root,COG0050@2|Bacteria,1MVC0@1224|Proteobacteria,2VH5D@28216|Betaproteobacteria,1K05Z@119060|Burkholderiaceae","This protein promotes the GTP-dependent binding of aminoacyl-tRNA to the A-site of ribosomes during protein biosynthesis"
"ko:K02358",6494.82802210107,0.0832089986668187,0.0204967059217654,4.05962787310419,4.91509851455853e-05,0.0256469840489664,"k87_1557757_1","COG0050@1|root,COG0050@2|Bacteria,2GK4T@201174|Actinobacteria,4CPE9@84995|Rubrobacteria","This protein promotes the GTP-dependent binding of aminoacyl-tRNA to the A-site of ribosomes during protein biosynthesis"
"ko:K02358",6494.82802210107,0.0832089986668187,0.0204967059217654,4.05962787310419,4.91509851455853e-05,0.0256469840489664,"k87_1590529_1","COG0050@1|root,COG0050@2|Bacteria,2GK4T@201174|Actinobacteria,4CPE9@84995|Rubrobacteria","This protein promotes the GTP-dependent binding of aminoacyl-tRNA to the A-site of ribosomes during protein biosynthesis"
"ko:K02358",6494.82802210107,0.0832089986668187,0.0204967059217654,4.05962787310419,4.91509851455853e-05,0.0256469840489664,"k87_1602014_1","COG0050@1|root,COG0050@2|Bacteria,3J0DG@40117|Nitrospirae","This protein promotes the GTP-dependent binding of aminoacyl-tRNA to the A-site of ribosomes during protein biosynthesis"
"ko:K02358",6494.82802210107,0.0832089986668187,0.0204967059217654,4.05962787310419,4.91509851455853e-05,0.0256469840489664,"k87_1635728_1","COG0050@1|root,COG0050@2|Bacteria,1MVC0@1224|Proteobacteria,42MWZ@68525|delta/epsilon subdivisions,2WJ2B@28221|Deltaproteobacteria,43U3Z@69541|Desulfuromonadales","This protein promotes the GTP-dependent binding of aminoacyl-tRNA to the A-site of ribosomes during protein biosynthesis"
"ko:K02358",6494.82802210107,0.0832089986668187,0.0204967059217654,4.05962787310419,4.91509851455853e-05,0.0256469840489664,"k87_1826353_1","COG0050@1|root,COG0050@2|Bacteria,1MVC0@1224|Proteobacteria,2TQP8@28211|Alphaproteobacteria,43H46@69277|Phyllobacteriaceae","GTP-dependent binding of aminoacyl-tRNA to the A-site of ribosomes during protein biosynthesis"
"ko:K02358",6494.82802210107,0.0832089986668187,0.0204967059217654,4.05962787310419,4.91509851455853e-05,0.0256469840489664,"k87_1933035_1","COG0050@1|root,COG0050@2|Bacteria,1MVC0@1224|Proteobacteria,2VH5D@28216|Betaproteobacteria,4AC3H@80864|Comamonadaceae","This protein promotes the GTP-dependent binding of aminoacyl-tRNA to the A-site of ribosomes during protein biosynthesis"
"ko:K02358",6494.82802210107,0.0832089986668187,0.0204967059217654,4.05962787310419,4.91509851455853e-05,0.0256469840489664,"k87_2050279_3","COG0050@1|root,COG0050@2|Bacteria,1MVC0@1224|Proteobacteria,42MWZ@68525|delta/epsilon subdivisions,2WJ2B@28221|Deltaproteobacteria,2YX6I@29|Myxococcales","This protein promotes the GTP-dependent binding of aminoacyl-tRNA to the A-site of ribosomes during protein biosynthesis"
"ko:K02358",6494.82802210107,0.0832089986668187,0.0204967059217654,4.05962787310419,4.91509851455853e-05,0.0256469840489664,"k87_2075566_3","COG0050@1|root,COG0050@2|Bacteria,1TPKC@1239|Firmicutes,2485I@186801|Clostridia,21XMI@1506553|Lachnoclostridium","This protein promotes the GTP-dependent binding of aminoacyl-tRNA to the A-site of ribosomes during protein biosynthesis"
"ko:K02358",6494.82802210107,0.0832089986668187,0.0204967059217654,4.05962787310419,4.91509851455853e-05,0.0256469840489664,"k87_2135571_1","COG0050@1|root,COG0050@2|Bacteria,1MVC0@1224|Proteobacteria,42MWZ@68525|delta/epsilon subdivisions,2WJ2B@28221|Deltaproteobacteria,2M88A@213115|Desulfovibrionales","This protein promotes the GTP-dependent binding of aminoacyl-tRNA to the A-site of ribosomes during protein biosynthesis"
"ko:K02358",6494.82802210107,0.0832089986668187,0.0204967059217654,4.05962787310419,4.91509851455853e-05,0.0256469840489664,"k87_2142499_1","COG0050@1|root,COG0050@2|Bacteria,1MVC0@1224|Proteobacteria,1RMYX@1236|Gammaproteobacteria,1X48A@135614|Xanthomonadales","GTP-dependent binding of aminoacyl-tRNA to the A-site of ribosomes during protein biosynthesis"
"ko:K02358",6494.82802210107,0.0832089986668187,0.0204967059217654,4.05962787310419,4.91509851455853e-05,0.0256469840489664,"k87_2146967_2","COG0050@1|root,COG0050@2|Bacteria,1MVC0@1224|Proteobacteria,2TQP8@28211|Alphaproteobacteria,3N6BR@45401|Hyphomicrobiaceae","This protein promotes the GTP-dependent binding of aminoacyl-tRNA to the A-site of ribosomes during protein biosynthesis"
"ko:K02358",6494.82802210107,0.0832089986668187,0.0204967059217654,4.05962787310419,4.91509851455853e-05,0.0256469840489664,"k87_2207637_1","COG0050@1|root,COG0050@2|Bacteria,1MVC0@1224|Proteobacteria,1RMYX@1236|Gammaproteobacteria,45ZSW@72273|Thiotrichales","This protein promotes the GTP-dependent binding of aminoacyl-tRNA to the A-site of ribosomes during protein biosynthesis"
"ko:K02358",6494.82802210107,0.0832089986668187,0.0204967059217654,4.05962787310419,4.91509851455853e-05,0.0256469840489664,"k87_2257872_1","COG0050@1|root,COG0050@2|Bacteria,2GK4T@201174|Actinobacteria,4CPE9@84995|Rubrobacteria","This protein promotes the GTP-dependent binding of aminoacyl-tRNA to the A-site of ribosomes during protein biosynthesis"
"ko:K02358",6494.82802210107,0.0832089986668187,0.0204967059217654,4.05962787310419,4.91509851455853e-05,0.0256469840489664,"k87_2352443_1","COG0050@1|root,COG0050@2|Bacteria,2GK4T@201174|Actinobacteria,4ERZ7@85013|Frankiales","This protein promotes the GTP-dependent binding of aminoacyl-tRNA to the A-site of ribosomes during protein biosynthesis"
"ko:K02358",6494.82802210107,0.0832089986668187,0.0204967059217654,4.05962787310419,4.91509851455853e-05,0.0256469840489664,"k87_2414723_2","COG0050@1|root,COG0050@2|Bacteria,4NEWS@976|Bacteroidetes,47JYT@768503|Cytophagia","This protein promotes the GTP-dependent binding of aminoacyl-tRNA to the A-site of ribosomes during protein biosynthesis"
"ko:K02358",6494.82802210107,0.0832089986668187,0.0204967059217654,4.05962787310419,4.91509851455853e-05,0.0256469840489664,"k87_2455051_1","COG0050@1|root,COG0050@2|Bacteria,1MVC0@1224|Proteobacteria,2TQP8@28211|Alphaproteobacteria","This protein promotes the GTP-dependent binding of aminoacyl-tRNA to the A-site of ribosomes during protein biosynthesis"
"ko:K02358",6494.82802210107,0.0832089986668187,0.0204967059217654,4.05962787310419,4.91509851455853e-05,0.0256469840489664,"k87_2521455_2","COG0050@1|root,COG0050@2|Bacteria,1MVC0@1224|Proteobacteria,2VH5D@28216|Betaproteobacteria,372HU@32003|Nitrosomonadales","This protein promotes the GTP-dependent binding of aminoacyl-tRNA to the A-site of ribosomes during protein biosynthesis"
"ko:K02358",6494.82802210107,0.0832089986668187,0.0204967059217654,4.05962787310419,4.91509851455853e-05,0.0256469840489664,"k87_2565348_1","COG0050@1|root,COG0050@2|Bacteria,1MVC0@1224|Proteobacteria,2TQP8@28211|Alphaproteobacteria,3FCNI@34008|Rhodovulum","GTP-dependent binding of aminoacyl-tRNA to the A-site of ribosomes during protein biosynthesis"
"ko:K02358",6494.82802210107,0.0832089986668187,0.0204967059217654,4.05962787310419,4.91509851455853e-05,0.0256469840489664,"k87_2639623_2","COG0050@1|root,COG0050@2|Bacteria,1MVC0@1224|Proteobacteria,2VH5D@28216|Betaproteobacteria,3T1VV@506|Alcaligenaceae","This protein promotes the GTP-dependent binding of aminoacyl-tRNA to the A-site of ribosomes during protein biosynthesis"
"ko:K02358",6494.82802210107,0.0832089986668187,0.0204967059217654,4.05962787310419,4.91509851455853e-05,0.0256469840489664,"k87_2693663_7","COG0050@1|root,COG0050@2|Bacteria,1MVC0@1224|Proteobacteria,42MWZ@68525|delta/epsilon subdivisions,2WJ2B@28221|Deltaproteobacteria","This protein promotes the GTP-dependent binding of aminoacyl-tRNA to the A-site of ribosomes during protein biosynthesis"
"ko:K02358",6494.82802210107,0.0832089986668187,0.0204967059217654,4.05962787310419,4.91509851455853e-05,0.0256469840489664,"k87_2703441_2","COG0050@1|root,COG0050@2|Bacteria,2GK4T@201174|Actinobacteria,4CMSE@84992|Acidimicrobiia","This protein promotes the GTP-dependent binding of aminoacyl-tRNA to the A-site of ribosomes during protein biosynthesis"
"ko:K02358",6494.82802210107,0.0832089986668187,0.0204967059217654,4.05962787310419,4.91509851455853e-05,0.0256469840489664,"k87_2706394_4","COG0050@1|root,COG0050@2|Bacteria,1TPKC@1239|Firmicutes,4HAEH@91061|Bacilli,26DN1@186818|Planococcaceae","This protein promotes the GTP-dependent binding of aminoacyl-tRNA to the A-site of ribosomes during protein biosynthesis"
"ko:K02358",6494.82802210107,0.0832089986668187,0.0204967059217654,4.05962787310419,4.91509851455853e-05,0.0256469840489664,"k87_2709470_2","COG0050@1|root,COG0050@2|Bacteria,2GK4T@201174|Actinobacteria,4CPE9@84995|Rubrobacteria","This protein promotes the GTP-dependent binding of aminoacyl-tRNA to the A-site of ribosomes during protein biosynthesis"
"ko:K02358",6494.82802210107,0.0832089986668187,0.0204967059217654,4.05962787310419,4.91509851455853e-05,0.0256469840489664,"k87_2968257_1","COG0050@1|root,COG0050@2|Bacteria,2GK4T@201174|Actinobacteria,4CPE9@84995|Rubrobacteria","This protein promotes the GTP-dependent binding of aminoacyl-tRNA to the A-site of ribosomes during protein biosynthesis"
"ko:K02358",6494.82802210107,0.0832089986668187,0.0204967059217654,4.05962787310419,4.91509851455853e-05,0.0256469840489664,"k87_3062277_1","COG0050@1|root,COG0050@2|Bacteria,1TPKC@1239|Firmicutes,2485I@186801|Clostridia,3WAAG@53433|Halanaerobiales","This protein promotes the GTP-dependent binding of aminoacyl-tRNA to the A-site of ribosomes during protein biosynthesis"
"ko:K02358",6494.82802210107,0.0832089986668187,0.0204967059217654,4.05962787310419,4.91509851455853e-05,0.0256469840489664,"k87_3063190_2","COG0050@1|root,COG0050@2|Bacteria,2GK4T@201174|Actinobacteria,4CPE9@84995|Rubrobacteria","This protein promotes the GTP-dependent binding of aminoacyl-tRNA to the A-site of ribosomes during protein biosynthesis"
"ko:K02358",6494.82802210107,0.0832089986668187,0.0204967059217654,4.05962787310419,4.91509851455853e-05,0.0256469840489664,"k87_3287587_1","COG0050@1|root,COG0050@2|Bacteria,1MVC0@1224|Proteobacteria,2TQP8@28211|Alphaproteobacteria,3JRYZ@41294|Bradyrhizobiaceae","This protein promotes the GTP-dependent binding of aminoacyl-tRNA to the A-site of ribosomes during protein biosynthesis"
"ko:K02358",6494.82802210107,0.0832089986668187,0.0204967059217654,4.05962787310419,4.91509851455853e-05,0.0256469840489664,"k87_3317076_2","COG0050@1|root,COG0050@2|Bacteria,2GK4T@201174|Actinobacteria,4CMSE@84992|Acidimicrobiia","This protein promotes the GTP-dependent binding of aminoacyl-tRNA to the A-site of ribosomes during protein biosynthesis"
"ko:K02358",6494.82802210107,0.0832089986668187,0.0204967059217654,4.05962787310419,4.91509851455853e-05,0.0256469840489664,"k87_3341402_2","COG0050@1|root,COG0050@2|Bacteria,1TPKC@1239|Firmicutes,2485I@186801|Clostridia,42JNP@68298|Syntrophomonadaceae","This protein promotes the GTP-dependent binding of aminoacyl-tRNA to the A-site of ribosomes during protein biosynthesis"
"ko:K02358",6494.82802210107,0.0832089986668187,0.0204967059217654,4.05962787310419,4.91509851455853e-05,0.0256469840489664,"k87_3344110_3","COG0050@1|root,COG0050@2|Bacteria,1MVC0@1224|Proteobacteria,2TQP8@28211|Alphaproteobacteria,2KFA9@204458|Caulobacterales","This protein promotes the GTP-dependent binding of aminoacyl-tRNA to the A-site of ribosomes during protein biosynthesis"
"ko:K02358",6494.82802210107,0.0832089986668187,0.0204967059217654,4.05962787310419,4.91509851455853e-05,0.0256469840489664,"k87_3436491_3","COG0050@1|root,COG0050@2|Bacteria,1MVC0@1224|Proteobacteria,2TQP8@28211|Alphaproteobacteria,36XUJ@31993|Methylocystaceae","Elongation factor Tu C-terminal domain"
"ko:K02358",6494.82802210107,0.0832089986668187,0.0204967059217654,4.05962787310419,4.91509851455853e-05,0.0256469840489664,"k87_3602661_2","COG0050@1|root,COG0050@2|Bacteria,1MVC0@1224|Proteobacteria,2TQP8@28211|Alphaproteobacteria","This protein promotes the GTP-dependent binding of aminoacyl-tRNA to the A-site of ribosomes during protein biosynthesis"
"ko:K02358",6494.82802210107,0.0832089986668187,0.0204967059217654,4.05962787310419,4.91509851455853e-05,0.0256469840489664,"k87_3643705_3","COG0050@1|root,COG0050@2|Bacteria,1MVC0@1224|Proteobacteria,2VH5D@28216|Betaproteobacteria,2KVV4@206389|Rhodocyclales","This protein promotes the GTP-dependent binding of aminoacyl-tRNA to the A-site of ribosomes during protein biosynthesis"
"ko:K02358",6494.82802210107,0.0832089986668187,0.0204967059217654,4.05962787310419,4.91509851455853e-05,0.0256469840489664,"k87_3728159_1","COG0050@1|root,COG0050@2|Bacteria,2GK4T@201174|Actinobacteria,4CMSE@84992|Acidimicrobiia","This protein promotes the GTP-dependent binding of aminoacyl-tRNA to the A-site of ribosomes during protein biosynthesis"
"ko:K02358",6494.82802210107,0.0832089986668187,0.0204967059217654,4.05962787310419,4.91509851455853e-05,0.0256469840489664,"k87_3799868_1","COG0050@1|root,COG0050@2|Bacteria,1MVC0@1224|Proteobacteria,2TQP8@28211|Alphaproteobacteria,3JRYZ@41294|Bradyrhizobiaceae","This protein promotes the GTP-dependent binding of aminoacyl-tRNA to the A-site of ribosomes during protein biosynthesis"
"ko:K02358",6494.82802210107,0.0832089986668187,0.0204967059217654,4.05962787310419,4.91509851455853e-05,0.0256469840489664,"k87_3827821_1","COG0050@1|root,COG0050@2|Bacteria,2GK4T@201174|Actinobacteria,4CPE9@84995|Rubrobacteria","This protein promotes the GTP-dependent binding of aminoacyl-tRNA to the A-site of ribosomes during protein biosynthesis"
"ko:K02358",6494.82802210107,0.0832089986668187,0.0204967059217654,4.05962787310419,4.91509851455853e-05,0.0256469840489664,"k87_3898942_2","COG0050@1|root,COG0050@2|Bacteria,1MVC0@1224|Proteobacteria,2TQP8@28211|Alphaproteobacteria,2JPKS@204441|Rhodospirillales","This protein promotes the GTP-dependent binding of aminoacyl-tRNA to the A-site of ribosomes during protein biosynthesis"
"ko:K02358",6494.82802210107,0.0832089986668187,0.0204967059217654,4.05962787310419,4.91509851455853e-05,0.0256469840489664,"k87_4030648_1","COG0050@1|root,COG0050@2|Bacteria,1TPKC@1239|Firmicutes,2485I@186801|Clostridia,3WAAG@53433|Halanaerobiales","This protein promotes the GTP-dependent binding of aminoacyl-tRNA to the A-site of ribosomes during protein biosynthesis"
"ko:K02358",6494.82802210107,0.0832089986668187,0.0204967059217654,4.05962787310419,4.91509851455853e-05,0.0256469840489664,"k87_4039710_1","COG0050@1|root,COG0050@2|Bacteria,2GK4T@201174|Actinobacteria,4CMSE@84992|Acidimicrobiia","This protein promotes the GTP-dependent binding of aminoacyl-tRNA to the A-site of ribosomes during protein biosynthesis"
"ko:K02358",6494.82802210107,0.0832089986668187,0.0204967059217654,4.05962787310419,4.91509851455853e-05,0.0256469840489664,"k87_4118352_1","COG0050@1|root,COG0050@2|Bacteria,2GK4T@201174|Actinobacteria,4CPE9@84995|Rubrobacteria","This protein promotes the GTP-dependent binding of aminoacyl-tRNA to the A-site of ribosomes during protein biosynthesis"
"ko:K02358",6494.82802210107,0.0832089986668187,0.0204967059217654,4.05962787310419,4.91509851455853e-05,0.0256469840489664,"k87_4121722_4","COG0050@1|root,COG0050@2|Bacteria,1MVC0@1224|Proteobacteria,2TQP8@28211|Alphaproteobacteria,43H46@69277|Phyllobacteriaceae","GTP-dependent binding of aminoacyl-tRNA to the A-site of ribosomes during protein biosynthesis"
"ko:K02358",6494.82802210107,0.0832089986668187,0.0204967059217654,4.05962787310419,4.91509851455853e-05,0.0256469840489664,"k87_4199248_1","COG0050@1|root,COG0050@2|Bacteria,2GK4T@201174|Actinobacteria,4CPE9@84995|Rubrobacteria","This protein promotes the GTP-dependent binding of aminoacyl-tRNA to the A-site of ribosomes during protein biosynthesis"
"ko:K02358",6494.82802210107,0.0832089986668187,0.0204967059217654,4.05962787310419,4.91509851455853e-05,0.0256469840489664,"k87_4229968_3","COG0050@1|root,COG0050@2|Bacteria,3Y2JG@57723|Acidobacteria","This protein promotes the GTP-dependent binding of aminoacyl-tRNA to the A-site of ribosomes during protein biosynthesis"
"ko:K02358",6494.82802210107,0.0832089986668187,0.0204967059217654,4.05962787310419,4.91509851455853e-05,0.0256469840489664,"k87_4323924_2","COG0050@1|root,COG0050@2|Bacteria,3J0DG@40117|Nitrospirae","This protein promotes the GTP-dependent binding of aminoacyl-tRNA to the A-site of ribosomes during protein biosynthesis"
"ko:K02358",6494.82802210107,0.0832089986668187,0.0204967059217654,4.05962787310419,4.91509851455853e-05,0.0256469840489664,"k87_4511257_1","COG0050@1|root,COG0050@2|Bacteria,1MVC0@1224|Proteobacteria,2TQP8@28211|Alphaproteobacteria,43H46@69277|Phyllobacteriaceae","GTP-dependent binding of aminoacyl-tRNA to the A-site of ribosomes during protein biosynthesis"
"ko:K02358",6494.82802210107,0.0832089986668187,0.0204967059217654,4.05962787310419,4.91509851455853e-05,0.0256469840489664,"k87_4627802_2","COG0050@1|root,COG0050@2|Bacteria,1MVC0@1224|Proteobacteria,2TQP8@28211|Alphaproteobacteria,3EY1N@335928|Xanthobacteraceae","This protein promotes the GTP-dependent binding of aminoacyl-tRNA to the A-site of ribosomes during protein biosynthesis"
"ko:K02358",6494.82802210107,0.0832089986668187,0.0204967059217654,4.05962787310419,4.91509851455853e-05,0.0256469840489664,"k87_4922054_1","COG0050@1|root,COG0050@2|Bacteria,2GK4T@201174|Actinobacteria,4CPE9@84995|Rubrobacteria","This protein promotes the GTP-dependent binding of aminoacyl-tRNA to the A-site of ribosomes during protein biosynthesis"
"ko:K02358",6494.82802210107,0.0832089986668187,0.0204967059217654,4.05962787310419,4.91509851455853e-05,0.0256469840489664,"k87_4942093_1","COG0050@1|root,COG0050@2|Bacteria,2GK4T@201174|Actinobacteria,4CPE9@84995|Rubrobacteria","This protein promotes the GTP-dependent binding of aminoacyl-tRNA to the A-site of ribosomes during protein biosynthesis"
"ko:K02358",6494.82802210107,0.0832089986668187,0.0204967059217654,4.05962787310419,4.91509851455853e-05,0.0256469840489664,"k87_4966075_1","COG0050@1|root,COG0050@2|Bacteria,1MVC0@1224|Proteobacteria,2TQP8@28211|Alphaproteobacteria,43H46@69277|Phyllobacteriaceae","GTP-dependent binding of aminoacyl-tRNA to the A-site of ribosomes during protein biosynthesis"
"ko:K02358",6494.82802210107,0.0832089986668187,0.0204967059217654,4.05962787310419,4.91509851455853e-05,0.0256469840489664,"k87_5134717_1","COG0050@1|root,COG0050@2|Bacteria,2GK4T@201174|Actinobacteria,233XN@1762|Mycobacteriaceae","This protein promotes the GTP-dependent binding of aminoacyl-tRNA to the A-site of ribosomes during protein biosynthesis"
"ko:K02358",6494.82802210107,0.0832089986668187,0.0204967059217654,4.05962787310419,4.91509851455853e-05,0.0256469840489664,"k87_5407737_1","COG0050@1|root,COG0050@2|Bacteria,3Y2JG@57723|Acidobacteria","This protein promotes the GTP-dependent binding of aminoacyl-tRNA to the A-site of ribosomes during protein biosynthesis"
"ko:K02358",6494.82802210107,0.0832089986668187,0.0204967059217654,4.05962787310419,4.91509851455853e-05,0.0256469840489664,"k87_5420166_1","COG0050@1|root,COG0050@2|Bacteria,1MVC0@1224|Proteobacteria,2TQP8@28211|Alphaproteobacteria,3NA4P@45404|Beijerinckiaceae","Elongation factor Tu C-terminal domain"
"ko:K02358",6494.82802210107,0.0832089986668187,0.0204967059217654,4.05962787310419,4.91509851455853e-05,0.0256469840489664,"k87_5490220_3","COG0050@1|root,COG0050@2|Bacteria,2GK4T@201174|Actinobacteria,4CPE9@84995|Rubrobacteria","This protein promotes the GTP-dependent binding of aminoacyl-tRNA to the A-site of ribosomes during protein biosynthesis"
"ko:K02358",6494.82802210107,0.0832089986668187,0.0204967059217654,4.05962787310419,4.91509851455853e-05,0.0256469840489664,"k87_5524892_3","COG0050@1|root,COG0050@2|Bacteria,1MVC0@1224|Proteobacteria,2TQP8@28211|Alphaproteobacteria,43NCA@69277|Phyllobacteriaceae","Elongation factor Tu C-terminal domain"
"ko:K02358",6494.82802210107,0.0832089986668187,0.0204967059217654,4.05962787310419,4.91509851455853e-05,0.0256469840489664,"k87_5707579_1","COG0050@1|root,COG0050@2|Bacteria,2GK4T@201174|Actinobacteria,4CPE9@84995|Rubrobacteria","This protein promotes the GTP-dependent binding of aminoacyl-tRNA to the A-site of ribosomes during protein biosynthesis"
"ko:K02358",6494.82802210107,0.0832089986668187,0.0204967059217654,4.05962787310419,4.91509851455853e-05,0.0256469840489664,"k87_5830516_1","COG0050@1|root,COG0050@2|Bacteria,3Y2JG@57723|Acidobacteria","This protein promotes the GTP-dependent binding of aminoacyl-tRNA to the A-site of ribosomes during protein biosynthesis"
"ko:K02358",6494.82802210107,0.0832089986668187,0.0204967059217654,4.05962787310419,4.91509851455853e-05,0.0256469840489664,"k87_5963122_1","COG0050@1|root,COG0050@2|Bacteria,2GK4T@201174|Actinobacteria,4CPE9@84995|Rubrobacteria","This protein promotes the GTP-dependent binding of aminoacyl-tRNA to the A-site of ribosomes during protein biosynthesis"
"ko:K02358",6494.82802210107,0.0832089986668187,0.0204967059217654,4.05962787310419,4.91509851455853e-05,0.0256469840489664,"k87_5993955_4","COG0050@1|root,COG0050@2|Bacteria,1MVC0@1224|Proteobacteria,1RMYX@1236|Gammaproteobacteria,1X48A@135614|Xanthomonadales","GTP-dependent binding of aminoacyl-tRNA to the A-site of ribosomes during protein biosynthesis"
"ko:K02358",6494.82802210107,0.0832089986668187,0.0204967059217654,4.05962787310419,4.91509851455853e-05,0.0256469840489664,"k87_6002748_2","COG0050@1|root,COG0050@2|Bacteria,2GK4T@201174|Actinobacteria,4ERZ7@85013|Frankiales","This protein promotes the GTP-dependent binding of aminoacyl-tRNA to the A-site of ribosomes during protein biosynthesis"
"ko:K02358",6494.82802210107,0.0832089986668187,0.0204967059217654,4.05962787310419,4.91509851455853e-05,0.0256469840489664,"k87_6136234_1","COG0050@1|root,COG0050@2|Bacteria,1MVC0@1224|Proteobacteria,2TQP8@28211|Alphaproteobacteria,3JRYZ@41294|Bradyrhizobiaceae","This protein promotes the GTP-dependent binding of aminoacyl-tRNA to the A-site of ribosomes during protein biosynthesis"
"ko:K02358",6494.82802210107,0.0832089986668187,0.0204967059217654,4.05962787310419,4.91509851455853e-05,0.0256469840489664,"k87_6311864_1","COG0050@1|root,COG0050@2|Bacteria,2GK4T@201174|Actinobacteria,4CPE9@84995|Rubrobacteria","This protein promotes the GTP-dependent binding of aminoacyl-tRNA to the A-site of ribosomes during protein biosynthesis"
"ko:K02358",6494.82802210107,0.0832089986668187,0.0204967059217654,4.05962787310419,4.91509851455853e-05,0.0256469840489664,"k87_6327011_1","COG0050@1|root,COG0050@2|Bacteria,3Y2JG@57723|Acidobacteria","This protein promotes the GTP-dependent binding of aminoacyl-tRNA to the A-site of ribosomes during protein biosynthesis"
"ko:K02358",6494.82802210107,0.0832089986668187,0.0204967059217654,4.05962787310419,4.91509851455853e-05,0.0256469840489664,"k87_6332453_2","COG0050@1|root,COG0050@2|Bacteria,1MVC0@1224|Proteobacteria,2TQP8@28211|Alphaproteobacteria","This protein promotes the GTP-dependent binding of aminoacyl-tRNA to the A-site of ribosomes during protein biosynthesis"
"ko:K02358",6494.82802210107,0.0832089986668187,0.0204967059217654,4.05962787310419,4.91509851455853e-05,0.0256469840489664,"k87_6401295_1","COG0050@1|root,COG0050@2|Bacteria,1TPKC@1239|Firmicutes,4HAEH@91061|Bacilli,26UPG@186822|Paenibacillaceae","This protein promotes the GTP-dependent binding of aminoacyl-tRNA to the A-site of ribosomes during protein biosynthesis"
"ko:K02358",6494.82802210107,0.0832089986668187,0.0204967059217654,4.05962787310419,4.91509851455853e-05,0.0256469840489664,"k87_6488178_1","COG0050@1|root,COG0050@2|Bacteria,2G5KI@200795|Chloroflexi,27XXD@189775|Thermomicrobia","This protein promotes the GTP-dependent binding of aminoacyl-tRNA to the A-site of ribosomes during protein biosynthesis"
"ko:K02358",6494.82802210107,0.0832089986668187,0.0204967059217654,4.05962787310419,4.91509851455853e-05,0.0256469840489664,"k87_6500766_1","COG0050@1|root,COG0050@2|Bacteria,4NEWS@976|Bacteroidetes,1IPDP@117747|Sphingobacteriia","This protein promotes the GTP-dependent binding of aminoacyl-tRNA to the A-site of ribosomes during protein biosynthesis"
"ko:K02358",6494.82802210107,0.0832089986668187,0.0204967059217654,4.05962787310419,4.91509851455853e-05,0.0256469840489664,"k87_6611221_1","COG0050@1|root,COG0050@2|Bacteria,2GK4T@201174|Actinobacteria,4DP42@85009|Propionibacteriales","This protein promotes the GTP-dependent binding of aminoacyl-tRNA to the A-site of ribosomes during protein biosynthesis"
"ko:K02358",6494.82802210107,0.0832089986668187,0.0204967059217654,4.05962787310419,4.91509851455853e-05,0.0256469840489664,"k87_6789060_2","COG0050@1|root,COG0050@2|Bacteria,2G5KI@200795|Chloroflexi,37531@32061|Chloroflexia","This protein promotes the GTP-dependent binding of aminoacyl-tRNA to the A-site of ribosomes during protein biosynthesis"
"ko:K03147",2141.84919784179,0.166742646900771,0.041338063288416,4.03363470943005,5.49206724113463e-05,0.0260523698765823,"k87_235765_3","COG0422@1|root,COG0422@2|Bacteria,46S5R@74201|Verrucomicrobia,3K77R@414999|Opitutae","Catalyzes the synthesis of the hydroxymethylpyrimidine phosphate (HMP-P) moiety of thiamine from aminoimidazole ribotide (AIR) in a radical S-adenosyl-L-methionine (SAM)-dependent reaction"
"ko:K03147",2141.84919784179,0.166742646900771,0.041338063288416,4.03363470943005,5.49206724113463e-05,0.0260523698765823,"k87_320856_3","COG0422@1|root,COG0422@2|Bacteria,4NFTF@976|Bacteroidetes,1INSZ@117747|Sphingobacteriia","Catalyzes the synthesis of the hydroxymethylpyrimidine phosphate (HMP-P) moiety of thiamine from aminoimidazole ribotide (AIR) in a radical S-adenosyl-L-methionine (SAM)-dependent reaction"
"ko:K03147",2141.84919784179,0.166742646900771,0.041338063288416,4.03363470943005,5.49206724113463e-05,0.0260523698765823,"k87_528951_8","COG0422@1|root,COG0422@2|Bacteria,3J0AY@40117|Nitrospirae","Catalyzes the synthesis of the hydroxymethylpyrimidine phosphate (HMP-P) moiety of thiamine from aminoimidazole ribotide (AIR) in a radical S-adenosyl-L-methionine (SAM)-dependent reaction"
"ko:K03147",2141.84919784179,0.166742646900771,0.041338063288416,4.03363470943005,5.49206724113463e-05,0.0260523698765823,"k87_619641_2","COG0422@1|root,arCOG02741@2157|Archaea,41S5Z@651137|Thaumarchaeota","Thiamine biosynthesis protein ThiC"
"ko:K03147",2141.84919784179,0.166742646900771,0.041338063288416,4.03363470943005,5.49206724113463e-05,0.0260523698765823,"k87_626804_1","COG0422@1|root,arCOG02741@2157|Archaea,41S5Z@651137|Thaumarchaeota","Thiamine biosynthesis protein ThiC"
"ko:K03147",2141.84919784179,0.166742646900771,0.041338063288416,4.03363470943005,5.49206724113463e-05,0.0260523698765823,"k87_651855_1","COG0422@1|root,COG0422@2|Bacteria,4NFTF@976|Bacteroidetes,1INSZ@117747|Sphingobacteriia","Catalyzes the synthesis of the hydroxymethylpyrimidine phosphate (HMP-P) moiety of thiamine from aminoimidazole ribotide (AIR) in a radical S-adenosyl-L-methionine (SAM)-dependent reaction"
"ko:K03147",2141.84919784179,0.166742646900771,0.041338063288416,4.03363470943005,5.49206724113463e-05,0.0260523698765823,"k87_922574_8","COG0422@1|root,COG0422@2|Bacteria,1MUVV@1224|Proteobacteria,2TS0S@28211|Alphaproteobacteria,2JZYN@204457|Sphingomonadales","Catalyzes the synthesis of the hydroxymethylpyrimidine phosphate (HMP-P) moiety of thiamine from aminoimidazole ribotide (AIR) in a radical S-adenosyl-L-methionine (SAM)-dependent reaction"
"ko:K03147",2141.84919784179,0.166742646900771,0.041338063288416,4.03363470943005,5.49206724113463e-05,0.0260523698765823,"k87_1175340_1","COG0422@1|root,COG0422@2|Bacteria,1MUVV@1224|Proteobacteria,1RP1F@1236|Gammaproteobacteria,465SM@72275|Alteromonadaceae","Catalyzes the synthesis of the hydroxymethylpyrimidine phosphate (HMP-P) moiety of thiamine from aminoimidazole ribotide (AIR) in a radical S-adenosyl-L-methionine (SAM)-dependent reaction"
"ko:K03147",2141.84919784179,0.166742646900771,0.041338063288416,4.03363470943005,5.49206724113463e-05,0.0260523698765823,"k87_1241811_2","COG0422@1|root,COG0422@2|Bacteria,46S5R@74201|Verrucomicrobia,2ITWP@203494|Verrucomicrobiae","ThiC-associated domain"
"ko:K03147",2141.84919784179,0.166742646900771,0.041338063288416,4.03363470943005,5.49206724113463e-05,0.0260523698765823,"k87_1381639_1","COG0422@1|root,arCOG02741@2157|Archaea,41S5Z@651137|Thaumarchaeota","Thiamine biosynthesis protein ThiC"
"ko:K03147",2141.84919784179,0.166742646900771,0.041338063288416,4.03363470943005,5.49206724113463e-05,0.0260523698765823,"k87_1411842_1","COG0422@1|root,COG0422@2|Bacteria,2GJ3Y@201174|Actinobacteria,4DA4Y@85008|Micromonosporales","Catalyzes the synthesis of the hydroxymethylpyrimidine phosphate (HMP-P) moiety of thiamine from aminoimidazole ribotide (AIR) in a radical S-adenosyl-L-methionine (SAM)-dependent reaction"
"ko:K03147",2141.84919784179,0.166742646900771,0.041338063288416,4.03363470943005,5.49206724113463e-05,0.0260523698765823,"k87_1445568_2","COG0422@1|root,COG0422@2|Bacteria,4NFTF@976|Bacteroidetes,1INSZ@117747|Sphingobacteriia","Catalyzes the synthesis of the hydroxymethylpyrimidine phosphate (HMP-P) moiety of thiamine from aminoimidazole ribotide (AIR) in a radical S-adenosyl-L-methionine (SAM)-dependent reaction"
"ko:K03147",2141.84919784179,0.166742646900771,0.041338063288416,4.03363470943005,5.49206724113463e-05,0.0260523698765823,"k87_2417932_2","COG0422@1|root,COG0422@2|Bacteria,1MUVV@1224|Proteobacteria,2TS0S@28211|Alphaproteobacteria,43IXA@69277|Phyllobacteriaceae","Catalyzes the synthesis of the hydroxymethylpyrimidine phosphate (HMP-P) moiety of thiamine from aminoimidazole ribotide (AIR) in a radical S-adenosyl-L-methionine (SAM)-dependent reaction"
"ko:K03147",2141.84919784179,0.166742646900771,0.041338063288416,4.03363470943005,5.49206724113463e-05,0.0260523698765823,"k87_2845461_1","COG0422@1|root,arCOG02741@2157|Archaea,41S5Z@651137|Thaumarchaeota","Thiamine biosynthesis protein ThiC"
"ko:K03147",2141.84919784179,0.166742646900771,0.041338063288416,4.03363470943005,5.49206724113463e-05,0.0260523698765823,"k87_3488104_1","COG0422@1|root,COG0422@2|Bacteria,4NFTF@976|Bacteroidetes,1INSZ@117747|Sphingobacteriia","Catalyzes the synthesis of the hydroxymethylpyrimidine phosphate (HMP-P) moiety of thiamine from aminoimidazole ribotide (AIR) in a radical S-adenosyl-L-methionine (SAM)-dependent reaction"
"ko:K03147",2141.84919784179,0.166742646900771,0.041338063288416,4.03363470943005,5.49206724113463e-05,0.0260523698765823,"k87_3578703_3","COG0422@1|root,COG0422@2|Bacteria,2GJ3Y@201174|Actinobacteria,234MB@1762|Mycobacteriaceae","Catalyzes the synthesis of the hydroxymethylpyrimidine phosphate (HMP-P) moiety of thiamine from aminoimidazole ribotide (AIR) in a radical S-adenosyl-L-methionine (SAM)-dependent reaction"
"ko:K03147",2141.84919784179,0.166742646900771,0.041338063288416,4.03363470943005,5.49206724113463e-05,0.0260523698765823,"k87_3647221_1","COG0422@1|root,COG0422@2|Bacteria,2GJ3Y@201174|Actinobacteria","Catalyzes the synthesis of the hydroxymethylpyrimidine phosphate (HMP-P) moiety of thiamine from aminoimidazole ribotide (AIR) in a radical S-adenosyl-L-methionine (SAM)-dependent reaction"
"ko:K03147",2141.84919784179,0.166742646900771,0.041338063288416,4.03363470943005,5.49206724113463e-05,0.0260523698765823,"k87_3955766_2","COG0422@1|root,COG0422@2|Bacteria,1MUVV@1224|Proteobacteria,1RP1F@1236|Gammaproteobacteria,3Z1MW@583|Proteus","Catalyzes the synthesis of the hydroxymethylpyrimidine phosphate (HMP-P) moiety of thiamine from aminoimidazole ribotide (AIR) in a radical S-adenosyl-L-methionine (SAM)-dependent reaction"
"ko:K03147",2141.84919784179,0.166742646900771,0.041338063288416,4.03363470943005,5.49206724113463e-05,0.0260523698765823,"k87_4022713_1","COG0422@1|root,COG0422@2|Bacteria,1MUVV@1224|Proteobacteria,2TS0S@28211|Alphaproteobacteria","Catalyzes the synthesis of the hydroxymethylpyrimidine phosphate (HMP-P) moiety of thiamine from aminoimidazole ribotide (AIR) in a radical S-adenosyl-L-methionine (SAM)-dependent reaction"
"ko:K03147",2141.84919784179,0.166742646900771,0.041338063288416,4.03363470943005,5.49206724113463e-05,0.0260523698765823,"k87_4065397_1","COG0422@1|root,COG0422@2|Bacteria,1MUVV@1224|Proteobacteria,2TS0S@28211|Alphaproteobacteria","Catalyzes the synthesis of the hydroxymethylpyrimidine phosphate (HMP-P) moiety of thiamine from aminoimidazole ribotide (AIR) in a radical S-adenosyl-L-methionine (SAM)-dependent reaction"
"ko:K03147",2141.84919784179,0.166742646900771,0.041338063288416,4.03363470943005,5.49206724113463e-05,0.0260523698765823,"k87_4184368_2","COG0422@1|root,COG0422@2|Bacteria,1MUVV@1224|Proteobacteria,2VHS3@28216|Betaproteobacteria,2KQ7W@206351|Neisseriales","Catalyzes the synthesis of the hydroxymethylpyrimidine phosphate (HMP-P) moiety of thiamine from aminoimidazole ribotide (AIR) in a radical S-adenosyl-L-methionine (SAM)-dependent reaction"
"ko:K03147",2141.84919784179,0.166742646900771,0.041338063288416,4.03363470943005,5.49206724113463e-05,0.0260523698765823,"k87_4742468_11","COG0422@1|root,COG0422@2|Bacteria,1MUVV@1224|Proteobacteria,1RP1F@1236|Gammaproteobacteria,1X4N0@135614|Xanthomonadales","Catalyzes the synthesis of the hydroxymethylpyrimidine phosphate (HMP-P) moiety of thiamine from aminoimidazole ribotide (AIR) in a radical S-adenosyl-L-methionine (SAM)-dependent reaction"
"ko:K03147",2141.84919784179,0.166742646900771,0.041338063288416,4.03363470943005,5.49206724113463e-05,0.0260523698765823,"k87_4954543_1","COG0422@1|root,COG0422@2|Bacteria,1MUVV@1224|Proteobacteria,2TS0S@28211|Alphaproteobacteria,2JPET@204441|Rhodospirillales","Catalyzes the synthesis of the hydroxymethylpyrimidine phosphate (HMP-P) moiety of thiamine from aminoimidazole ribotide (AIR) in a radical S-adenosyl-L-methionine (SAM)-dependent reaction"
"ko:K03147",2141.84919784179,0.166742646900771,0.041338063288416,4.03363470943005,5.49206724113463e-05,0.0260523698765823,"k87_4973489_1","COG0422@1|root,COG0422@2|Bacteria,1MUVV@1224|Proteobacteria,1RP1F@1236|Gammaproteobacteria,4608M@72273|Thiotrichales","Catalyzes the synthesis of the hydroxymethylpyrimidine phosphate (HMP-P) moiety of thiamine from aminoimidazole ribotide (AIR) in a radical S-adenosyl-L-methionine (SAM)-dependent reaction"
"ko:K03147",2141.84919784179,0.166742646900771,0.041338063288416,4.03363470943005,5.49206724113463e-05,0.0260523698765823,"k87_5047211_1","COG0422@1|root,COG0422@2|Bacteria,1TNZ3@1239|Firmicutes,4HC0P@91061|Bacilli,1ZBCQ@1386|Bacillus","Catalyzes the synthesis of the hydroxymethylpyrimidine phosphate (HMP-P) moiety of thiamine from aminoimidazole ribotide (AIR) in a radical S-adenosyl-L-methionine (SAM)-dependent reaction"
"ko:K03147",2141.84919784179,0.166742646900771,0.041338063288416,4.03363470943005,5.49206724113463e-05,0.0260523698765823,"k87_5161359_1","COG0422@1|root,arCOG02741@2157|Archaea,41S5Z@651137|Thaumarchaeota","Thiamine biosynthesis protein ThiC"
"ko:K03147",2141.84919784179,0.166742646900771,0.041338063288416,4.03363470943005,5.49206724113463e-05,0.0260523698765823,"k87_5197314_2","COG0422@1|root,arCOG02741@2157|Archaea,41S5Z@651137|Thaumarchaeota","Thiamine biosynthesis protein ThiC"
"ko:K03147",2141.84919784179,0.166742646900771,0.041338063288416,4.03363470943005,5.49206724113463e-05,0.0260523698765823,"k87_5214698_1","COG0422@1|root,arCOG02741@2157|Archaea,41S5Z@651137|Thaumarchaeota","Thiamine biosynthesis protein ThiC"
"ko:K03147",2141.84919784179,0.166742646900771,0.041338063288416,4.03363470943005,5.49206724113463e-05,0.0260523698765823,"k87_5536030_1","COG0422@1|root,COG0422@2|Bacteria,1MUVV@1224|Proteobacteria,1RP1F@1236|Gammaproteobacteria,1Y3Z6@135624|Aeromonadales","Catalyzes the synthesis of the hydroxymethylpyrimidine phosphate (HMP-P) moiety of thiamine from aminoimidazole ribotide (AIR) in a radical S-adenosyl-L-methionine (SAM)-dependent reaction"
"ko:K03147",2141.84919784179,0.166742646900771,0.041338063288416,4.03363470943005,5.49206724113463e-05,0.0260523698765823,"k87_5868770_4","COG0422@1|root,COG0422@2|Bacteria,2GJ3Y@201174|Actinobacteria","Catalyzes the synthesis of the hydroxymethylpyrimidine phosphate (HMP-P) moiety of thiamine from aminoimidazole ribotide (AIR) in a radical S-adenosyl-L-methionine (SAM)-dependent reaction"
"ko:K03147",2141.84919784179,0.166742646900771,0.041338063288416,4.03363470943005,5.49206724113463e-05,0.0260523698765823,"k87_5922426_1","COG0422@1|root,COG0422@2|Bacteria,1MUVV@1224|Proteobacteria,42MMB@68525|delta/epsilon subdivisions,2WJBM@28221|Deltaproteobacteria,2YTUN@29|Myxococcales","Catalyzes the synthesis of the hydroxymethylpyrimidine phosphate (HMP-P) moiety of thiamine from aminoimidazole ribotide (AIR) in a radical S-adenosyl-L-methionine (SAM)-dependent reaction"
"ko:K03147",2141.84919784179,0.166742646900771,0.041338063288416,4.03363470943005,5.49206724113463e-05,0.0260523698765823,"k87_6030706_5","COG0422@1|root,COG0422@2|Bacteria,1MUVV@1224|Proteobacteria,2TS0S@28211|Alphaproteobacteria,2JZYN@204457|Sphingomonadales","Catalyzes the synthesis of the hydroxymethylpyrimidine phosphate (HMP-P) moiety of thiamine from aminoimidazole ribotide (AIR) in a radical S-adenosyl-L-methionine (SAM)-dependent reaction"
"ko:K03147",2141.84919784179,0.166742646900771,0.041338063288416,4.03363470943005,5.49206724113463e-05,0.0260523698765823,"k87_6163463_2","COG0422@1|root,COG0422@2|Bacteria,2GJ3Y@201174|Actinobacteria,234MB@1762|Mycobacteriaceae","Catalyzes the synthesis of the hydroxymethylpyrimidine phosphate (HMP-P) moiety of thiamine from aminoimidazole ribotide (AIR) in a radical S-adenosyl-L-methionine (SAM)-dependent reaction"
"ko:K03147",2141.84919784179,0.166742646900771,0.041338063288416,4.03363470943005,5.49206724113463e-05,0.0260523698765823,"k87_6171237_1","COG0422@1|root,COG0422@2|Bacteria,1MUVV@1224|Proteobacteria,1RP1F@1236|Gammaproteobacteria,1X4N0@135614|Xanthomonadales","Catalyzes the synthesis of the hydroxymethylpyrimidine phosphate (HMP-P) moiety of thiamine from aminoimidazole ribotide (AIR) in a radical S-adenosyl-L-methionine (SAM)-dependent reaction"
"ko:K03147",2141.84919784179,0.166742646900771,0.041338063288416,4.03363470943005,5.49206724113463e-05,0.0260523698765823,"k87_6172993_2","COG0422@1|root,COG0422@2|Bacteria,1TNZ3@1239|Firmicutes,4HC0P@91061|Bacilli,278VK@186823|Alicyclobacillaceae","ThiC-associated domain"
"ko:K03147",2141.84919784179,0.166742646900771,0.041338063288416,4.03363470943005,5.49206724113463e-05,0.0260523698765823,"k87_6269901_3","COG0422@1|root,COG0422@2|Bacteria,1MUVV@1224|Proteobacteria,2TS0S@28211|Alphaproteobacteria,3N7Z1@45401|Hyphomicrobiaceae","Catalyzes the synthesis of the hydroxymethylpyrimidine phosphate (HMP-P) moiety of thiamine from aminoimidazole ribotide (AIR) in a radical S-adenosyl-L-methionine (SAM)-dependent reaction"
"ko:K03147",2141.84919784179,0.166742646900771,0.041338063288416,4.03363470943005,5.49206724113463e-05,0.0260523698765823,"k87_6616198_1","COG0422@1|root,COG0422@2|Bacteria,4NFTF@976|Bacteroidetes,47KGP@768503|Cytophagia","Catalyzes the synthesis of the hydroxymethylpyrimidine phosphate (HMP-P) moiety of thiamine from aminoimidazole ribotide (AIR) in a radical S-adenosyl-L-methionine (SAM)-dependent reaction"
"ko:K03147",2141.84919784179,0.166742646900771,0.041338063288416,4.03363470943005,5.49206724113463e-05,0.0260523698765823,"k87_6915166_1","COG0422@1|root,arCOG02741@2157|Archaea,41S5Z@651137|Thaumarchaeota","Thiamine biosynthesis protein ThiC"
"ko:K06012",4.52106062994488,-5.65361523141473,1.20773091361334,-4.68118781070197,2.85217487970296e-06,0.00372066213057252,"k87_6933258_1","COG0680@1|root,COG0680@2|Bacteria,1TPFY@1239|Firmicutes,4HAGH@91061|Bacilli,1ZC4A@1386|Bacillus","Initiates the rapid degradation of small, acid-soluble proteins during spore germination"
"ko:K07020",213.046203359544,-2.60727437594085,0.153737878609198,-16.9592191561882,1.64516167670823e-64,8.58445362906352e-61,"k87_1547629_3","COG3571@1|root,COG3571@2|Bacteria,2GKKE@201174|Actinobacteria","Hydrolase of the alpha beta-hydrolase"
"ko:K07020",213.046203359544,-2.60727437594085,0.153737878609198,-16.9592191561882,1.64516167670823e-64,8.58445362906352e-61,"k87_1591192_1","COG3571@1|root,COG3571@2|Bacteria,2GKKE@201174|Actinobacteria,4DQBW@85009|Propionibacteriales","Hydrolase of the alpha beta-hydrolase"
"ko:K07020",213.046203359544,-2.60727437594085,0.153737878609198,-16.9592191561882,1.64516167670823e-64,8.58445362906352e-61,"k87_3638552_6","COG3571@1|root,COG3571@2|Bacteria,2GKKE@201174|Actinobacteria,234V8@1762|Mycobacteriaceae","hydrolase of the alpha beta-hydrolase fold"
"ko:K07787",418.169253732211,0.342775290337546,0.0772824030836479,4.43536014228928,9.19184913110152e-06,0.00799384479434796,"k87_731590_1","COG3696@1|root,COG3696@2|Bacteria,1NUIV@1224|Proteobacteria,2VHCZ@28216|Betaproteobacteria,1KK5F@119065|unclassified Burkholderiales","Belongs to the resistance-nodulation-cell division (RND) (TC 2.A.6) family"
"ko:K07787",418.169253732211,0.342775290337546,0.0772824030836479,4.43536014228928,9.19184913110152e-06,0.00799384479434796,"k87_964343_1","COG3696@1|root,COG3696@2|Bacteria,1NUIV@1224|Proteobacteria,2TRWM@28211|Alphaproteobacteria,43MKR@69277|Phyllobacteriaceae","Belongs to the resistance-nodulation-cell division (RND) (TC 2.A.6) family"
"ko:K07787",418.169253732211,0.342775290337546,0.0772824030836479,4.43536014228928,9.19184913110152e-06,0.00799384479434796,"k87_1332671_1","COG3696@1|root,COG3696@2|Bacteria,1NUIV@1224|Proteobacteria,2VHCZ@28216|Betaproteobacteria,4A9J4@80864|Comamonadaceae","Belongs to the resistance-nodulation-cell division (RND) (TC 2.A.6) family"
"ko:K07787",418.169253732211,0.342775290337546,0.0772824030836479,4.43536014228928,9.19184913110152e-06,0.00799384479434796,"k87_1403330_1","COG3696@1|root,COG3696@2|Bacteria,1NUIV@1224|Proteobacteria,2VHCZ@28216|Betaproteobacteria,4A9J4@80864|Comamonadaceae","Belongs to the resistance-nodulation-cell division (RND) (TC 2.A.6) family"
"ko:K07787",418.169253732211,0.342775290337546,0.0772824030836479,4.43536014228928,9.19184913110152e-06,0.00799384479434796,"k87_2650529_1","COG3696@1|root,COG3696@2|Bacteria,1NUIV@1224|Proteobacteria,2TRWM@28211|Alphaproteobacteria,4BB6Z@82115|Rhizobiaceae","cation efflux system protein (Heavy metal efflux pump)"
"ko:K07787",418.169253732211,0.342775290337546,0.0772824030836479,4.43536014228928,9.19184913110152e-06,0.00799384479434796,"k87_3725586_3","COG3696@1|root,COG3696@2|Bacteria,1NUIV@1224|Proteobacteria,2VHCZ@28216|Betaproteobacteria,4A9J4@80864|Comamonadaceae","Belongs to the resistance-nodulation-cell division (RND) (TC 2.A.6) family"
"ko:K07787",418.169253732211,0.342775290337546,0.0772824030836479,4.43536014228928,9.19184913110152e-06,0.00799384479434796,"k87_4930082_3","COG3696@1|root,COG3696@2|Bacteria,1NUIV@1224|Proteobacteria,2VHCZ@28216|Betaproteobacteria,4A9J4@80864|Comamonadaceae","Belongs to the resistance-nodulation-cell division (RND) (TC 2.A.6) family"
"ko:K07787",418.169253732211,0.342775290337546,0.0772824030836479,4.43536014228928,9.19184913110152e-06,0.00799384479434796,"k87_5496617_1","COG3696@1|root,COG3696@2|Bacteria,1NUIV@1224|Proteobacteria,2VHCZ@28216|Betaproteobacteria,4A9J4@80864|Comamonadaceae","Belongs to the resistance-nodulation-cell division (RND) (TC 2.A.6) family"
"ko:K07787",418.169253732211,0.342775290337546,0.0772824030836479,4.43536014228928,9.19184913110152e-06,0.00799384479434796,"k87_6248401_1","COG3696@1|root,COG3696@2|Bacteria,1NUIV@1224|Proteobacteria,2VHCZ@28216|Betaproteobacteria,4A9J4@80864|Comamonadaceae","Belongs to the resistance-nodulation-cell division (RND) (TC 2.A.6) family"
"ko:K07787",418.169253732211,0.342775290337546,0.0772824030836479,4.43536014228928,9.19184913110152e-06,0.00799384479434796,"k87_6835465_4","COG3696@1|root,COG3696@2|Bacteria,1NUIV@1224|Proteobacteria,2VHCZ@28216|Betaproteobacteria,44VI6@713636|Nitrosomonadales","TIGRFAM heavy metal efflux pump, CzcA family"
"ko:K07787",418.169253732211,0.342775290337546,0.0772824030836479,4.43536014228928,9.19184913110152e-06,0.00799384479434796,"k87_6948604_1","COG3696@1|root,COG3696@2|Bacteria,46SJ1@74201|Verrucomicrobia,3K7EV@414999|Opitutae","Belongs to the resistance-nodulation-cell division (RND) (TC 2.A.6) family"
"ko:K11942",823.776595874528,0.243500410479564,0.0593112284815463,4.10546901005979,4.03495377219298e-05,0.0233937653147811,"k87_22646_1","COG1703@1|root,COG1884@1|root,COG2185@1|root,COG1703@2|Bacteria,COG1884@2|Bacteria,COG2185@2|Bacteria,4NFHX@976|Bacteroidetes,1INXI@117747|Sphingobacteriia","Catalyzes the reversible interconversion of isobutyryl- CoA and n-butyryl-CoA, using radical chemistry. Also exhibits GTPase activity, associated with its G-protein domain (MeaI) that functions as a chaperone that assists cofactor delivery and proper holo-enzyme assembly"
"ko:K11942",823.776595874528,0.243500410479564,0.0593112284815463,4.10546901005979,4.03495377219298e-05,0.0233937653147811,"k87_22646_2","COG1703@1|root,COG1884@1|root,COG2185@1|root,COG1703@2|Bacteria,COG1884@2|Bacteria,COG2185@2|Bacteria,4NFHX@976|Bacteroidetes,1INXI@117747|Sphingobacteriia","Catalyzes the reversible interconversion of isobutyryl- CoA and n-butyryl-CoA, using radical chemistry. Also exhibits GTPase activity, associated with its G-protein domain (MeaI) that functions as a chaperone that assists cofactor delivery and proper holo-enzyme assembly"
"ko:K11942",823.776595874528,0.243500410479564,0.0593112284815463,4.10546901005979,4.03495377219298e-05,0.0233937653147811,"k87_249517_2","COG1703@1|root,COG1884@1|root,COG2185@1|root,COG1703@2|Bacteria,COG1884@2|Bacteria,COG2185@2|Bacteria,1MUXX@1224|Proteobacteria,2VH05@28216|Betaproteobacteria,4AC69@80864|Comamonadaceae","Catalyzes the reversible interconversion of isobutyryl- CoA and n-butyryl-CoA, using radical chemistry. Also exhibits GTPase activity, associated with its G-protein domain (MeaI) that functions as a chaperone that assists cofactor delivery and proper holo-enzyme assembly"
"ko:K11942",823.776595874528,0.243500410479564,0.0593112284815463,4.10546901005979,4.03495377219298e-05,0.0233937653147811,"k87_504464_1","COG1703@1|root,COG1884@1|root,COG2185@1|root,COG1703@2|Bacteria,COG1884@2|Bacteria,COG2185@2|Bacteria,1MUXX@1224|Proteobacteria,1RSHX@1236|Gammaproteobacteria,1X3T3@135614|Xanthomonadales","Catalyzes the reversible interconversion of isobutyryl- CoA and n-butyryl-CoA, using radical chemistry. Also exhibits GTPase activity, associated with its G-protein domain (MeaI) that functions as a chaperone that assists cofactor delivery and proper holo-enzyme assembly"
"ko:K11942",823.776595874528,0.243500410479564,0.0593112284815463,4.10546901005979,4.03495377219298e-05,0.0233937653147811,"k87_781449_3","COG1703@1|root,COG1884@1|root,COG2185@1|root,COG1703@2|Bacteria,COG1884@2|Bacteria,COG2185@2|Bacteria,1MUXX@1224|Proteobacteria,1RSHX@1236|Gammaproteobacteria,1X3T3@135614|Xanthomonadales","Catalyzes the reversible interconversion of isobutyryl- CoA and n-butyryl-CoA, using radical chemistry. Also exhibits GTPase activity, associated with its G-protein domain (MeaI) that functions as a chaperone that assists cofactor delivery and proper holo-enzyme assembly"
"ko:K11942",823.776595874528,0.243500410479564,0.0593112284815463,4.10546901005979,4.03495377219298e-05,0.0233937653147811,"k87_841440_3","COG1703@1|root,COG1884@1|root,COG2185@1|root,COG1703@2|Bacteria,COG1884@2|Bacteria,COG2185@2|Bacteria,1MUXX@1224|Proteobacteria,1RSHX@1236|Gammaproteobacteria,1X3T3@135614|Xanthomonadales","Catalyzes the reversible interconversion of isobutyryl- CoA and n-butyryl-CoA, using radical chemistry. Also exhibits GTPase activity, associated with its G-protein domain (MeaI) that functions as a chaperone that assists cofactor delivery and proper holo-enzyme assembly"
"ko:K11942",823.776595874528,0.243500410479564,0.0593112284815463,4.10546901005979,4.03495377219298e-05,0.0233937653147811,"k87_883466_1","COG1703@1|root,COG1884@1|root,COG2185@1|root,COG1703@2|Bacteria,COG1884@2|Bacteria,COG2185@2|Bacteria,1MUXX@1224|Proteobacteria,1RSHX@1236|Gammaproteobacteria,1X3T3@135614|Xanthomonadales","Catalyzes the reversible interconversion of isobutyryl- CoA and n-butyryl-CoA, using radical chemistry. Also exhibits GTPase activity, associated with its G-protein domain (MeaI) that functions as a chaperone that assists cofactor delivery and proper holo-enzyme assembly"
"ko:K11942",823.776595874528,0.243500410479564,0.0593112284815463,4.10546901005979,4.03495377219298e-05,0.0233937653147811,"k87_975996_1","COG1703@1|root,COG1884@1|root,COG2185@1|root,COG1703@2|Bacteria,COG1884@2|Bacteria,COG2185@2|Bacteria,1MUXX@1224|Proteobacteria,1RSHX@1236|Gammaproteobacteria,1X3T3@135614|Xanthomonadales","Catalyzes the reversible interconversion of isobutyryl- CoA and n-butyryl-CoA, using radical chemistry. Also exhibits GTPase activity, associated with its G-protein domain (MeaI) that functions as a chaperone that assists cofactor delivery and proper holo-enzyme assembly"
"ko:K11942",823.776595874528,0.243500410479564,0.0593112284815463,4.10546901005979,4.03495377219298e-05,0.0233937653147811,"k87_1503060_1","COG1703@1|root,COG1884@1|root,COG2185@1|root,COG1703@2|Bacteria,COG1884@2|Bacteria,COG2185@2|Bacteria,1MUXX@1224|Proteobacteria,1RSHX@1236|Gammaproteobacteria,1X3T3@135614|Xanthomonadales","Catalyzes the reversible interconversion of isobutyryl- CoA and n-butyryl-CoA, using radical chemistry. Also exhibits GTPase activity, associated with its G-protein domain (MeaI) that functions as a chaperone that assists cofactor delivery and proper holo-enzyme assembly"
"ko:K11942",823.776595874528,0.243500410479564,0.0593112284815463,4.10546901005979,4.03495377219298e-05,0.0233937653147811,"k87_3627647_1","COG1703@1|root,COG1884@1|root,COG2185@1|root,COG1703@2|Bacteria,COG1884@2|Bacteria,COG2185@2|Bacteria,1MUXX@1224|Proteobacteria,42MVK@68525|delta/epsilon subdivisions,2WKEN@28221|Deltaproteobacteria","Catalyzes the reversible interconversion of isobutyryl- CoA and n-butyryl-CoA, using radical chemistry. Also exhibits GTPase activity, associated with its G-protein domain (MeaI) that functions as a chaperone that assists cofactor delivery and proper holo-enzyme assembly"
"ko:K11942",823.776595874528,0.243500410479564,0.0593112284815463,4.10546901005979,4.03495377219298e-05,0.0233937653147811,"k87_4028792_1","COG1703@1|root,COG1884@1|root,COG2185@1|root,COG1703@2|Bacteria,COG1884@2|Bacteria,COG2185@2|Bacteria,1MUXX@1224|Proteobacteria,2VH05@28216|Betaproteobacteria,1KJWN@119065|unclassified Burkholderiales","Catalyzes the reversible interconversion of isobutyryl- CoA and n-butyryl-CoA, using radical chemistry. Also exhibits GTPase activity, associated with its G-protein domain (MeaI) that functions as a chaperone that assists cofactor delivery and proper holo-enzyme assembly"
"ko:K11942",823.776595874528,0.243500410479564,0.0593112284815463,4.10546901005979,4.03495377219298e-05,0.0233937653147811,"k87_5078417_1","COG1703@1|root,COG1884@1|root,COG2185@1|root,COG1703@2|Bacteria,COG1884@2|Bacteria,COG2185@2|Bacteria,1MUXX@1224|Proteobacteria,42MVK@68525|delta/epsilon subdivisions,2WKEN@28221|Deltaproteobacteria,2YWT4@29|Myxococcales","Catalyzes the reversible interconversion of isobutyryl- CoA and n-butyryl-CoA, using radical chemistry. Also exhibits GTPase activity, associated with its G-protein domain (MeaI) that functions as a chaperone that assists cofactor delivery and proper holo-enzyme assembly"
"ko:K11942",823.776595874528,0.243500410479564,0.0593112284815463,4.10546901005979,4.03495377219298e-05,0.0233937653147811,"k87_6310494_18","COG1703@1|root,COG1884@1|root,COG2185@1|root,COG1703@2|Bacteria,COG1884@2|Bacteria,COG2185@2|Bacteria,1MUXX@1224|Proteobacteria,1RSHX@1236|Gammaproteobacteria,1X3T3@135614|Xanthomonadales","Catalyzes the reversible interconversion of isobutyryl- CoA and n-butyryl-CoA, using radical chemistry. Also exhibits GTPase activity, associated with its G-protein domain (MeaI) that functions as a chaperone that assists cofactor delivery and proper holo-enzyme assembly"
"ko:K11942",823.776595874528,0.243500410479564,0.0593112284815463,4.10546901005979,4.03495377219298e-05,0.0233937653147811,"k87_7075945_1","COG1703@1|root,COG1884@1|root,COG2185@1|root,COG1703@2|Bacteria,COG1884@2|Bacteria,COG2185@2|Bacteria,4NFHX@976|Bacteroidetes,1INXI@117747|Sphingobacteriia","Catalyzes the reversible interconversion of isobutyryl- CoA and n-butyryl-CoA, using radical chemistry. Also exhibits GTPase activity, associated with its G-protein domain (MeaI) that functions as a chaperone that assists cofactor delivery and proper holo-enzyme assembly"
"ko:K13611,ko:K13614",75.710797252016,-0.975528220258236,0.188360160991756,-5.17905811463461,2.23008994759211e-07,0.000387886978217854,"k87_573894_1","COG1020@1|root,COG1028@1|root,COG3321@1|root,COG4221@1|root,COG1020@2|Bacteria,COG1028@2|Bacteria,COG3321@2|Bacteria,COG4221@2|Bacteria,1TPTH@1239|Firmicutes,4HTBC@91061|Bacilli,1ZS7J@1386|Bacillus","polyketide synthase"
"ko:K13611,ko:K13614",75.710797252016,-0.975528220258236,0.188360160991756,-5.17905811463461,2.23008994759211e-07,0.000387886978217854,"k87_648538_1","COG1020@1|root,COG1028@1|root,COG3321@1|root,COG4221@1|root,COG1020@2|Bacteria,COG1028@2|Bacteria,COG3321@2|Bacteria,COG4221@2|Bacteria,1TPTH@1239|Firmicutes,4HTBC@91061|Bacilli,1ZS7J@1386|Bacillus","polyketide synthase"
"ko:K13611,ko:K13614",75.710797252016,-0.975528220258236,0.188360160991756,-5.17905811463461,2.23008994759211e-07,0.000387886978217854,"k87_2404314_1","COG1020@1|root,COG1028@1|root,COG3321@1|root,COG4221@1|root,COG1020@2|Bacteria,COG1028@2|Bacteria,COG3321@2|Bacteria,COG4221@2|Bacteria,1TPTH@1239|Firmicutes,4HTBC@91061|Bacilli,1ZS7J@1386|Bacillus","polyketide synthase"
"ko:K13611,ko:K13614",75.710797252016,-0.975528220258236,0.188360160991756,-5.17905811463461,2.23008994759211e-07,0.000387886978217854,"k87_2726531_1","COG1020@1|root,COG1028@1|root,COG3321@1|root,COG4221@1|root,COG1020@2|Bacteria,COG1028@2|Bacteria,COG3321@2|Bacteria,COG4221@2|Bacteria,1TPTH@1239|Firmicutes,4HTBC@91061|Bacilli,1ZS7J@1386|Bacillus","polyketide synthase"
"ko:K13611,ko:K13614",75.710797252016,-0.975528220258236,0.188360160991756,-5.17905811463461,2.23008994759211e-07,0.000387886978217854,"k87_6414512_1","COG0300@1|root,COG0300@2|Bacteria","Belongs to the short-chain dehydrogenases reductases (SDR) family"
"ko:K13611,ko:K13614",75.710797252016,-0.975528220258236,0.188360160991756,-5.17905811463461,2.23008994759211e-07,0.000387886978217854,"k87_6696751_1","COG0300@1|root,COG0318@1|root,COG1020@1|root,COG1028@1|root,COG3321@1|root,COG0300@2|Bacteria,COG0318@2|Bacteria,COG1020@2|Bacteria,COG1028@2|Bacteria,COG3321@2|Bacteria,1TPTH@1239|Firmicutes,4HTBC@91061|Bacilli,1ZS7J@1386|Bacillus","polyketide synthase"
"ko:K13611,ko:K13614",75.710797252016,-0.975528220258236,0.188360160991756,-5.17905811463461,2.23008994759211e-07,0.000387886978217854,"k87_6900666_1","COG1020@1|root,COG1028@1|root,COG3321@1|root,COG4221@1|root,COG1020@2|Bacteria,COG1028@2|Bacteria,COG3321@2|Bacteria,COG4221@2|Bacteria,1TPTH@1239|Firmicutes,4HTBC@91061|Bacilli,1ZS7J@1386|Bacillus","polyketide synthase"
"ko:K15665",8.18166713244871,-2.90276750674023,0.70679645981223,-4.10693554904249,4.0094304623883e-05,0.0233937653147811,"k87_2902611_1","COG1020@1|root,COG1020@2|Bacteria,1TPTH@1239|Firmicutes,4HAHU@91061|Bacilli,1ZB3S@1386|Bacillus","Catalyzes the first step in the D-alanylation of lipoteichoic acid (LTA), the activation of D-alanine and its transfer onto the D-alanyl carrier protein (Dcp) DltC. In an ATP- dependent two-step reaction, forms a high energy D-alanyl-AMP intermediate, followed by transfer of the D-alanyl residue as a thiol ester to the phosphopantheinyl prosthetic group of the Dcp. D-alanylation of LTA plays an important role in modulating the properties of the cell wall in Gram-positive bacteria, influencing the net charge of the cell wall"
"ko:K15665",8.18166713244871,-2.90276750674023,0.70679645981223,-4.10693554904249,4.0094304623883e-05,0.0233937653147811,"k87_2902611_2","COG1020@1|root,COG1020@2|Bacteria,1TPTH@1239|Firmicutes,4HAHU@91061|Bacilli,1ZB3S@1386|Bacillus","Catalyzes the first step in the D-alanylation of lipoteichoic acid (LTA), the activation of D-alanine and its transfer onto the D-alanyl carrier protein (Dcp) DltC. In an ATP- dependent two-step reaction, forms a high energy D-alanyl-AMP intermediate, followed by transfer of the D-alanyl residue as a thiol ester to the phosphopantheinyl prosthetic group of the Dcp. D-alanylation of LTA plays an important role in modulating the properties of the cell wall in Gram-positive bacteria, influencing the net charge of the cell wall"
"ko:K16787",7.61118974537476,-2.74909778979418,0.710737437563042,-3.86795129185851,0.00010975358041133,0.044053398660486,"k87_6428696_1","COG1122@1|root,COG1122@2|Bacteria,1TPH8@1239|Firmicutes,4HA7T@91061|Bacilli,1ZBBK@1386|Bacillus","ATP-binding (A) component of a common energy-coupling factor (ECF) ABC-transporter complex. Unlike classic ABC transporters this ECF transporter provides the energy necessary to transport a number of different substrates"
